4.75629,7.19578,9.26972,5.99164,7.84122,9.45952,10.37255,5.11359,7.88294,6.17128,11.35087,9.71789,7.26122,11.47512,9.84423,9.65585,7.35083,7.15308,5.69514,5.95683,8.32756,3.82166,4.71665,4.83625,9.56014,4.29488,3.10021,3.88736,3.52227,9.68142,6.87608,6.02329,6.90196,5.18476,7.2156,6.58646,10.83049,11.81606,7.1981,3.96429,5.94209,8.77392,7.00831,5.34074,6.48362,7.53334,7.6662,6.12051,6.07161,5.42103,8.16446,7.37526,6.70417,5.32485,10.12093,4.7848,7.38965,7.78167,5.13861,4.70033,3.94936,6.97631,8.07989,7.35221,4.49444,7.62793,5.88453,4.76501,6.97118,7.02407,5.90996,11.97282,4.23841,8.48019,6.60031,4.98465,7.80556,5.93171,7.33929,7.38301,8.06355,6.65878,5.30376,9.43443,7.6257,8.97273,4.55756,5.69763,4.89084,3.42501,4.19169,6.76446,9.0452,7.54439,3.32005,5.70775,3.53865,9.82662,1
5.02433,7.7571,9.27983,5.51097,8.36516,9.73772,8.36891,6.3339,7.99548,7.17733,11.98891,9.83325,7.21507,11.5278,9.72143,10.48847,7.56428,6.08337,9.62896,4.91022,8.72391,3.69217,4.10976,5.84471,9.17882,4.03318,3.04398,3.92267,3.65288,10.40119,8.78904,7.01809,6.34087,4.57779,7.16152,6.25402,11.31489,11.60041,7.48499,4.01643,6.37977,8.84909,6.6308,5.95571,5.93049,7.38717,9.35757,5.69694,5.68733,5.77179,7.16389,8.19794,6.25106,5.09674,12.84427,4.43505,8.37938,8.62607,3.78081,5.21861,3.93001,8.03397,7.05137,7.14936,4.75594,6.54835,5.65841,4.47082,7.04802,7.96124,6.34462,12.02113,4.37689,7.89607,8.43679,5.49189,8.27377,5.19824,7.87703,6.50057,7.18617,5.99824,4.79858,10.11376,7.58992,9.07097,4.46,6.48017,6.0381,5.52704,4.22719,6.86416,9.04182,6.21762,3.7517,7.08426,3.55597,9.0571,1
4.7902,7.21943,9.81641,4.99293,9.01279,8.87312,8.60441,5.82398,9.18976,6.66632,11.28589,8.94352,7.80114,11.4201,10.6164,10.04861,7.93885,5.94589,7.00685,5.3965,8.31285,3.6406,4.65596,4.97402,8.89446,4.12499,3.18256,3.89461,3.63715,10.74145,6.57109,7.20179,6.01126,4.81922,7.31656,7.36129,11.22877,11.49562,7.03379,5.25253,5.11964,7.98297,6.61325,4.77727,7.43789,7.56026,8.7854,5.71931,6.19468,5.66851,7.74344,7.80499,6.3786,5.5921,10.06795,4.56133,7.85313,8.37438,4.82305,4.99571,3.81869,7.47596,7.97235,7.53944,4.28887,6.37169,5.43387,5.14142,6.67343,6.58148,7.05374,12.05546,4.59047,8.36926,7.16205,5.71465,8.10431,5.41397,7.7199,6.76544,7.73376,6.1882,4.70924,10.67232,7.31656,9.70278,4.37472,6.3488,5.20062,4.39638,4.29429,7.48094,9.64698,7.61473,3.42594,6.46759,3.40758,9.93617,1
4.6522,7.3968,8.64899,4.71727,9.02704,8.36617,8.59489,5.8514,8.25333,6.35689,10.82741,9.52613,7.41941,11.698,9.04359,9.86403,7.0865,6.25465,7.93885,5.17412,9.19125,3.70327,4.2633,4.99535,9.39733,4.08653,3.26068,4.25791,3.29307,9.9379,7.26577,7.06192,6.23919,4.5172,6.48398,8.15376,11.15053,11.39163,7.62851,3.89063,6.4811,9.3811,6.5551,5.43317,6.62308,7.10011,8.65286,5.82133,5.29112,7.35926,7.36943,7.5272,6.87822,5.02148,10.74303,4.2241,7.946,8.03932,4.90355,6.10591,3.95625,7.1428,8.29418,7.119,4.10578,6.35534,5.4999,5.05982,7.32723,8.1743,6.68931,11.88859,4.48818,8.94205,7.46745,5.13749,8.44449,5.3979,7.95115,5.96335,7.55511,6.81158,4.39881,9.41611,7.55372,9.78887,4.59248,6.53682,5.00811,4.03838,4.24383,6.40743,8.1126,7.23358,3.50294,6.43202,3.37164,9.71588,1
4.93583,7.42108,9.19371,6.14472,9.05262,8.20697,6.73919,5.77524,8.25724,6.35211,11.09271,10.8662,7.15935,10.6164,9.81641,9.56863,7.35926,6.08369,6.22805,5.1628,9.31255,3.67385,4.33996,4.66423,9.39898,4.01589,3.22145,4.26443,3.92863,9.72557,5.95683,6.5673,6.22125,5.01747,7.05893,7.2275,10.18909,11.55574,7.17947,5.64838,5.59983,8.45341,6.79211,4.94785,6.36496,6.43726,8.44161,5.67168,5.79055,5.61788,7.48329,7.81403,6.65544,4.68064,10.36371,4.87365,8.38773,9.25159,4.55571,4.59014,4.20769,7.05893,7.69085,7.51707,4.72037,6.00179,5.65876,4.33939,7.34683,8.26566,6.71126,12.09832,4.05124,6.625,7.3111,5.32897,8.81749,5.25929,8.88257,6.31554,7.44955,6.37554,4.93929,9.52134,7.97884,10.44139,4.51751,6.07037,5.18978,4.46711,4.08283,7.35681,8.63298,7.27623,3.30856,6.31773,3.67682,10.7446,1
5.19824,7.53363,9.26291,5.39142,8.07278,9.52387,7.43876,5.55458,8.62679,6.77738,10.88956,10.44824,7.49626,11.00497,10.04451,9.16902,8.5087,6.13154,6.54057,5.54821,9.197,3.59596,4.8124,5.41861,9.4167,4.05953,3.30138,4.37368,3.41214,10.06337,6.62532,6.47647,5.83926,4.76365,7.11506,6.74528,10.47508,11.77643,7.76229,5.56666,5.25323,7.94365,5.67924,5.30547,7.54658,7.01729,8.48154,5.73119,5.65731,5.44976,7.54497,8.30452,6.48759,5.2922,10.73891,4.08735,8.66911,8.08904,4.69838,4.48851,4.18174,7.39923,9.11581,7.38145,4.7791,5.29073,5.59285,4.23001,7.30365,8.22919,6.55347,12.28145,3.75995,7.61033,7.91159,5.37021,8.73407,5.53438,8.3829,6.41734,7.60431,6.49324,4.78748,9.36065,8.26859,8.99168,4.87164,5.79553,5.60656,3.9852,4.15043,6.82315,9.2566,7.5933,3.48447,6.69967,3.70468,10.55069,1
5.08029,7.11847,10.6243,5.42269,8.88257,11.36455,8.86696,5.65841,8.65051,7.10261,7.22185,9.41227,7.24683,11.67702,9.59578,7.23638,6.73217,5.47145,6.68549,5.09331,7.39923,3.88813,5.27169,5.33085,6.26096,4.35152,3.21741,4.07719,3.30242,11.6461,6.95662,7.99826,8.83984,4.79271,7.71297,6.53255,11.85103,10.17829,7.48806,4.01226,5.59846,8.96375,6.38884,5.75891,6.69782,8.16983,8.45095,5.81666,5.66238,5.2367,8.3388,7.68041,6.61262,4.6191,12.79836,4.99132,7.91972,8.67033,4.00013,4.61448,4.84022,9.05347,8.01201,7.71526,5.0296,7.41426,4.85438,5.04856,6.29654,8.29065,6.59649,12.44719,3.99015,6.00838,6.54117,4.75434,8.0871,5.67992,7.31686,5.89712,6.81898,5.84269,5.33264,6.5203,7.54151,9.23022,4.92576,4.76365,6.72012,3.69217,4.8757,6.77802,7.38301,7.2248,3.29979,6.43259,3.44158,8.72701,1
5.11641,7.49039,9.82946,5.03342,8.90854,10.04696,9.20406,5.70532,8.61678,6.75826,12.1673,9.35282,7.96124,11.52244,9.50054,9.72143,7.21828,5.82826,6.26749,5.2459,8.9512,3.46314,4.49411,5.41215,8.04182,4.13024,3.1326,4.14624,3.55661,10.40546,6.32065,7.39451,6.65102,4.63281,6.6162,7.43366,11.3375,10.39652,6.8927,3.67923,5.67958,9.71856,6.65384,5.22746,7.34771,7.65773,8.41411,5.64371,5.81935,5.1321,7.44317,7.36998,6.6949,5.92367,9.16166,4.62251,8.12935,7.26271,4.61325,4.42678,4.0935,7.24889,9.35118,7.76229,4.40096,6.5067,5.69479,4.757,6.54091,7.23863,7.15505,12.38241,4.53875,6.43076,7.87813,5.3461,8.43862,5.3461,8.22369,6.59798,7.15702,6.66937,4.78551,9.39952,7.34328,9.08177,4.81272,5.72097,5.23337,4.92471,4.05302,6.88173,7.50248,7.42715,3.41926,7.00552,3.359,9.62084,1
4.79919,8.25927,7.83114,5.18903,7.31938,9.33365,7.50193,7.25818,7.21349,6.95825,9.61119,10.82741,7.75968,9.67083,7.49626,9.53585,7.80528,7.30336,6.38107,5.21166,9.27572,4.46806,4.27545,4.74767,8.68745,5.15129,3.06078,5.11576,3.51756,10.26445,4.45939,7.18224,5.88129,4.56261,7.52811,6.99662,11.25402,11.47512,6.8785,3.87794,4.32535,6.26324,6.31616,5.94461,4.4793,6.60904,7.37642,6.34332,5.09638,7.59491,8.87793,8.41927,6.27924,4.54124,10.12282,5.38433,6.37584,7.55344,3.98858,6.16557,4.10377,6.98255,7.33871,3.61134,4.28109,5.67096,5.59532,4.22613,6.30299,7.51554,5.56419,11.20361,3.1777,4.40001,6.53042,5.09499,8.7707,5.79901,5.15927,5.70674,6.62928,7.00494,5.45598,10.04949,7.47671,7.75738,4.91881,6.62376,5.37393,3.60503,4.30019,7.84433,8.69589,6.42444,3.17465,7.61144,3.56224,9.70689,1
4.96329,8.0887,9.11212,5.26416,8.54193,10.87087,8.46602,5.36984,8.57291,6.84904,12.27173,9.25252,7.65715,11.42484,8.11131,9.39844,6.92531,5.42236,5.76521,5.93978,9.50943,3.80384,4.83155,4.64892,6.42293,4.78211,3.30894,4.05925,6.84362,9.27313,5.17002,7.77121,9.55031,5.50708,7.26959,6.38138,11.7536,9.72863,7.71324,4.06382,5.54749,8.27951,6.51791,4.99603,6.0371,7.13712,7.93477,6.02516,5.2254,4.87397,7.75273,7.82534,6.80125,4.82435,6.46638,4.41114,7.85168,7.59048,5.23136,5.52152,4.23814,8.22436,8.05179,6.8387,3.7736,9.90985,6.09807,5.33296,6.89416,7.98111,5.99955,11.81606,3.84357,7.40516,7.62485,5.71499,8.14889,5.49049,7.58197,6.38138,7.03549,5.76244,4.58003,9.11354,6.56492,8.9595,4.15592,6.33907,5.14986,3.73801,3.81085,6.91592,7.57237,6.93869,3.3565,4.72169,3.35007,11.46981,1
5.42137,7.9373,9.42285,5.46458,8.63145,9.97501,8.99343,6.1704,8.48083,6.54142,11.80066,9.32332,7.49887,11.24126,8.69396,10.13663,7.67458,5.70321,6.80156,5.02784,9.53112,3.62609,4.54004,4.83256,7.17418,4.04054,3.46966,4.84388,3.73141,10.06151,9.80109,7.60773,7.93826,5.11319,6.83667,7.00628,10.99438,10.34196,7.6063,3.87794,5.62149,8.39929,7.14564,6.57356,6.90652,8.00153,8.45735,5.79485,5.52564,6.55988,8.26695,7.26298,6.75285,4.93087,8.54865,4.93755,7.99915,7.77016,5.0768,4.64765,4.22781,8.53598,8.2121,7.29638,4.94858,8.22401,5.76521,5.09294,6.34266,7.82242,6.08112,12.14103,3.68879,8.08779,7.44682,5.05182,8.06859,5.54821,7.44033,6.41483,7.28531,5.73022,4.52971,9.27983,7.01362,8.78135,4.56961,5.80341,5.47861,3.68443,4.11462,6.79355,8.19474,6.71188,3.32005,5.59632,3.61822,11.74664,1
5.4272,8.17732,9.47663,5.24868,8.92391,9.2045,10.6243,6.11301,7.56721,6.4976,10.95664,8.87269,7.06353,10.39129,8.12149,9.85189,7.48553,5.79801,7.96208,4.42431,9.81479,3.60911,4.27492,4.78178,8.28836,4.00106,3.45062,4.43541,3.77662,9.21746,6.68374,7.18084,7.89398,4.9372,6.3103,6.97631,10.61366,10.87087,8.08745,4.19284,5.37966,8.3612,7.34418,5.4884,5.75954,7.36857,6.55678,5.54821,5.74156,5.23136,7.80714,7.93913,6.39324,4.96224,8.80694,4.68134,7.80499,7.35954,4.47989,4.6308,4.66553,7.31056,7.72866,6.71282,4.53003,7.09638,4.55756,4.94066,5.84471,8.28344,6.10034,11.94841,4.22265,6.11139,7.75762,5.42307,8.45772,5.2327,7.82088,6.61501,7.02378,5.95778,4.43443,6.22805,6.37231,8.78618,5.05415,5.94429,4.9599,3.47865,4.51591,6.8007,7.87756,6.96386,3.29378,5.54115,3.28466,12.07268,1
4.99293,8.0346,12.12355,5.10969,9.30281,9.09342,9.07548,5.78272,8.60221,6.85233,11.02357,9.36454,7.20953,11.58397,9.34166,9.74368,7.01756,5.82234,5.8697,5.05349,10.12758,3.52552,4.55321,5.1586,6.96333,5.42307,4.70318,4.64765,8.8211,10.89938,6.90551,7.7637,8.07791,4.97643,7.18986,6.6685,11.50362,9.62024,7.79329,3.95915,5.50247,8.84309,6.63306,6.44387,5.78272,7.73034,8.1184,5.73189,5.55935,5.54463,7.71271,7.5065,6.56313,4.93312,12.17559,4.55756,8.20931,7.57731,4.31948,4.71727,4.72445,8.26792,7.81197,7.11369,4.22129,7.98267,5.57323,5.10673,8.09908,7.69976,6.23098,12.4418,4.01343,4.54375,7.66935,5.32659,8.33468,5.68599,7.76626,6.34302,6.68703,5.69214,4.62602,7.39211,6.70505,9.28695,5.45042,6.03899,6.45738,3.76732,5.01708,6.83696,7.69006,7.0468,3.36443,7.54321,3.4584,11.25402,1
5.25146,8.222,10.36598,4.68225,8.90896,9.05844,8.89446,5.61246,10.36146,7.00802,10.90263,9.43498,8.00954,11.74664,8.79189,9.66406,8.00218,6.51759,6.29492,7.67011,10.90758,3.85264,4.82776,4.74276,7.87371,4.12418,3.74121,5.1361,6.16227,10.68599,6.28959,8.01814,6.77738,4.88823,8.16631,6.62928,11.20361,10.54828,8.00308,3.96456,5.40712,8.92844,5.98259,6.3081,4.83657,7.28559,8.50182,6.29492,5.86835,4.94142,7.45814,7.32505,6.53318,4.6065,7.7107,5.05838,7.12306,7.70585,4.19486,4.34288,4.15207,8.18052,8.54789,6.92146,4.06762,7.3584,6.46536,4.70484,7.18112,7.32944,6.2986,12.37117,3.99144,5.26677,6.7246,5.42897,7.95319,5.72239,7.01423,6.11273,7.41159,6.13622,4.83256,8.47084,6.55289,8.63062,4.80681,6.48759,5.33903,3.66427,4.14594,6.55542,7.77241,7.51115,3.53663,7.45061,3.48092,12.03854,1
5.39181,8.3783,10.47147,4.8926,8.95251,9.06348,8.59665,5.42862,7.41426,6.43015,12.62245,9.95332,7.84982,11.06878,8.08643,10.21551,7.47214,6.20539,7.85989,4.81508,9.87141,3.94241,4.50489,4.88921,8.04182,4.04999,3.29527,5.86,4.01643,10.79774,5.56941,7.07599,6.48143,4.90577,8.17012,6.51203,11.38677,10.40659,7.43247,4.21081,5.04784,7.58937,6.37977,4.79711,5.5837,7.45007,8.05001,5.92144,5.74609,5.07297,7.86137,7.96003,6.74587,4.51897,6.89565,4.50101,7.49093,7.45759,3.91189,4.37013,4.38871,8.60407,8.25045,6.81508,4.42008,6.95516,6.38076,4.44017,6.24517,8.80774,6.74764,11.94841,4.25918,4.83459,8.03861,5.44094,8.42633,5.19889,7.89791,6.07425,7.08923,5.63376,4.70423,7.21913,6.95796,8.91369,4.13212,6.31304,5.8006,4.76803,4.14386,6.76575,7.95769,7.06294,3.40421,6.07296,3.29979,10.61366,1
5.38884,8.18579,10.36371,4.90215,9.62829,8.49856,7.57407,6.77802,9.34061,6.41055,11.99261,9.29824,7.82088,11.45404,8.44521,10.66963,7.69749,6.03994,5.90372,4.80882,10.39891,3.73305,4.71465,4.88856,7.90975,4.15768,3.25035,7.01218,3.55568,9.95035,5.97967,6.87822,6.74528,4.96653,7.19492,6.56055,11.03608,10.39024,7.81435,5.24868,4.65896,8.12658,6.63144,5.2327,6.30546,7.05867,8.43052,6.09364,6.00838,5.45598,7.64138,7.74127,6.31117,4.52456,10.16234,4.75241,7.72866,7.37699,3.93947,4.28943,4.11884,7.98885,8.17235,6.58295,4.38437,7.81168,7.41102,4.8373,7.02635,7.04736,6.17593,12.33603,4.11633,4.32069,7.51085,5.19956,8.4715,5.14672,7.50988,6.42533,7.37864,5.70606,4.40605,9.17393,7.1106,9.15844,4.53301,6.25173,5.66526,3.63373,4.73619,6.76787,8.31107,6.57727,3.32951,7.01542,3.82857,11.89559,1
5.44399,9.24207,11.26626,4.92132,8.72121,8.38952,7.30968,5.67924,8.3706,6.52826,10.93594,9.79825,8.06387,10.27251,8.62154,9.29417,7.30821,6.31183,8.12177,4.7583,9.30177,3.88884,4.78983,4.69248,7.12277,4.09408,6.69664,4.89563,5.10935,10.75326,6.29954,6.40463,6.37489,4.83326,8.07411,6.06812,10.68599,10.2335,6.79325,3.96173,4.67275,7.63021,7.65532,5.11036,6.13821,6.89479,8.31783,6.0142,5.61717,4.84531,7.70731,8.33468,6.46788,4.0759,8.45169,4.5252,7.29494,7.41215,3.70576,4.32364,3.88599,7.75847,7.53587,7.49423,4.41026,7.32723,6.94239,4.32774,6.93393,6.18882,6.3641,11.5585,4.37404,4.28049,8.19006,5.11576,8.18144,5.47368,7.42001,6.34164,7.22424,5.64106,4.66978,8.79813,6.72851,8.76698,4.67338,6.08851,5.4075,3.66482,4.55379,6.9496,8.18715,7.00604,3.63081,7.15366,4.11028,11.61197,1
5.33796,7.44736,12.00529,5.42269,8.88127,10.81271,8.20018,5.7105,8.76294,6.67703,8.97052,9.18822,7.22033,11.38446,8.76842,7.8455,6.45605,5.52564,6.63437,4.92471,7.81197,3.36051,4.58233,4.70721,6.08469,4.08792,3.22099,3.76923,3.55977,10.7,7.93056,7.80056,8.14069,4.79678,6.98516,6.7316,11.73354,9.93935,6.89091,3.9568,5.39686,7.76567,6.92993,7.0032,7.11682,7.20487,8.45026,5.73498,5.29399,4.38114,7.87703,7.46532,6.79872,5.16636,13.42638,4.51807,8.23788,7.31631,5.08376,5.16486,4.5252,8.90724,8.01466,7.42384,3.90958,8.3639,4.69838,4.96089,7.08086,8.09152,6.76383,12.56415,4.45605,8.40268,7.53089,5.20619,8.52664,5.99682,8.07664,6.6174,6.72517,5.66592,4.50999,8.08391,6.44792,9.29873,5.67168,5.37393,6.37615,3.52824,4.30943,6.73861,6.43966,7.09256,3.26467,7.60601,3.37889,9.76533,1
5.16143,7.70113,11.28386,5.59811,8.54259,12.04777,8.97565,5.66632,8.15315,6.45937,6.4343,9.29921,7.23504,10.96668,7.16364,7.43509,7.50221,5.96603,6.94463,5.82793,7.90176,3.64579,4.42128,5.1321,4.64283,4.0641,3.33638,4.16108,3.65288,10.11632,8.31783,8.64332,9.74086,5.63091,6.84075,7.65715,10.85814,9.29516,7.08086,4.06272,5.20029,9.71856,6.77432,6.11743,6.10623,7.7233,8.06291,6.02002,4.82055,5.2508,8.5033,6.81714,6.93694,4.89804,11.38216,5.39313,7.96208,8.13564,6.34562,5.17989,4.6042,10.28655,8.33437,7.7233,4.39098,8.77883,4.80058,4.9643,7.39185,8.3826,6.6873,12.21313,4.26474,8.74393,7.45706,5.78376,8.39962,6.14321,7.81403,6.84605,6.40126,6.79414,4.25018,6.00637,6.57968,9.23471,4.81048,4.28168,6.24925,3.49821,4.15913,7.05254,6.58355,7.4535,3.36557,7.78957,3.79377,8.9701,1
4.96162,7.61502,10.62682,5.36348,8.4242,11.91822,9.26088,5.54567,8.21464,6.81071,9.47539,9.13289,6.94845,10.89275,7.14847,8.73608,7.40543,5.64678,6.66447,5.53691,8.24505,3.57453,4.45849,4.7917,5.60445,4.26777,3.25419,3.92183,3.88599,9.96617,6.74558,8.46801,9.80109,5.6159,6.65517,7.74017,11.1063,9.62024,7.59299,3.60476,4.90681,8.38354,6.62091,6.43202,5.95683,7.88082,7.67037,5.87904,5.64509,5.74315,8.17668,6.5301,6.87274,4.86687,10.8396,4.95352,7.50248,8.41927,6.23358,5.82661,4.48057,9.24352,8.13911,7.12333,4.40251,8.21933,5.17412,5.01562,6.88745,7.67607,6.3945,12.04777,4.07173,7.64079,7.23693,4.968,7.9943,6.15505,7.15908,6.39909,6.6858,6.50175,4.42313,8.48944,7.037,9.09588,4.44889,5.12137,5.7795,3.76249,4.14624,6.97658,6.79812,7.07129,3.20846,6.34654,3.3634,8.57656,1
4.93929,7.9683,10.61081,5.50522,9.09932,10.66537,8.85285,7.36998,8.47425,6.91499,9.93325,9.11581,7.22532,11.94463,9.4299,8.98707,7.09846,5.46664,6.7801,5.00641,9.39414,3.62287,4.54036,4.88789,6.76065,4.01226,3.16715,4.44505,3.46721,11.12948,6.95714,8.2457,7.85957,5.21657,6.82022,6.92531,11.54383,10.16024,7.22452,4.45225,6.30872,8.79774,7.0409,5.98907,6.97175,7.89398,8.43016,5.76781,5.35946,5.58261,7.86711,7.65388,6.3423,4.88656,10.0059,4.6113,8.2828,7.99341,4.49191,4.69217,4.48885,8.87635,8.23818,7.45814,4.22351,7.79211,5.72239,4.93685,6.98976,8.12462,6.44851,12.44719,4.17127,5.7774,7.81766,5.11359,8.39152,5.72161,8.22234,6.53227,6.8572,5.46864,4.5321,8.86293,7.00947,9.35174,5.11036,5.69799,6.23358,5.43002,4.57425,6.80097,6.87525,7.18451,3.22191,7.63643,3.43678,11.48031,1
5.04146,7.54179,8.79461,5.15702,8.80734,9.87844,8.7137,5.0753,8.26212,6.23587,11.19557,9.79324,8.14537,12.00529,8.65326,9.34061,7.6106,5.78207,6.0283,5.12215,9.69348,3.54107,4.31707,5.15238,9.15417,4.18586,3.31379,4.34538,3.5756,11.03608,6.09401,7.83382,7.37052,4.73155,6.94348,7.54089,11.60914,11.07951,7.11926,3.78649,5.8667,8.86855,7.1688,5.55768,6.96653,7.97112,8.22985,5.81741,5.39104,8.06419,7.60374,7.86047,6.54928,5.40712,10.7,4.33429,7.41073,8.14322,4.59649,4.72574,4.55129,8.68021,8.86937,8.06004,4.06734,7.20089,5.90403,4.67995,6.893,9.10526,6.98864,12.2522,4.31412,6.78261,8.01438,5.34682,8.56854,5.66011,9.36288,6.48816,7.40654,6.59679,4.55724,9.60178,7.33898,8.86009,4.5719,6.07226,5.22886,3.76308,4.08254,6.73188,8.71651,7.28183,3.31781,7.74434,3.66189,10.87238,1
4.7841,7.6257,8.82826,5.82526,8.72237,8.47084,10.82447,5.15238,8.90436,6.52399,11.32897,8.94307,7.70642,11.33347,11.16759,10.16789,7.91649,6.74094,5.51631,4.98321,9.2762,3.55748,4.49882,5.64874,8.25927,4.2582,3.2188,4.15592,3.41431,9.90078,4.95412,7.53119,6.6324,5.40024,6.42444,6.71431,10.57568,11.49562,8.41132,3.80795,7.03181,7.14847,6.68231,5.03852,6.73372,8.01086,8.16212,5.74281,5.50024,5.71083,7.61955,6.85027,6.90551,4.64926,9.80618,4.80681,8.39417,7.18112,6.5246,7.92999,4.33911,6.91203,8.43254,7.68015,4.63775,7.73188,5.46216,5.08029,6.34394,7.95415,6.80278,11.46437,4.04883,8.57618,6.72934,5.63763,8.53256,6.02329,8.70101,6.5185,7.99486,6.93571,4.5749,10.55069,7.69861,10.02416,3.9988,5.26,5.01708,4.99064,4.32504,6.86833,8.60068,7.66876,3.40597,5.23066,3.78734,9.28192,1
4.67802,7.46456,8.68934,5.33941,8.78284,10.46775,9.16304,5.67742,8.46869,6.24112,11.05098,9.01533,6.97916,11.85823,8.98935,9.90384,6.64679,5.97768,7.58223,5.44763,9.08604,3.73991,4.49222,5.48003,8.0887,4.89874,2.97567,4.23165,3.48695,10.8519,6.14104,8.0409,7.71875,5.10451,7.09638,7.00947,10.94973,10.38809,7.08318,3.91664,4.92198,8.54604,6.91913,5.66592,8.45878,8.00889,8.61369,5.99712,5.76213,5.25892,7.80998,7.41045,7.13825,5.58862,10.92293,4.4507,8.49885,8.90477,4.56066,6.47585,3.91954,8.28511,8.4242,7.14307,4.42037,7.59779,6.59004,5.08341,6.22872,6.87941,6.49483,11.91041,4.03538,10.35451,7.00465,4.87164,8.31107,5.46764,7.79611,6.46311,7.44902,5.85242,4.65596,9.62761,7.68746,9.46792,4.20881,5.88488,5.49087,4.51224,3.94387,6.74966,8.46096,7.13771,3.45207,6.77545,3.59081,9.38403,1
4.67338,7.19955,8.1892,6.38258,8.10431,9.57737,8.76995,5.90702,9.66123,6.50491,10.57815,9.10923,7.32362,11.55055,11.2903,9.34487,8.00186,6.04023,5.50247,5.19251,7.76397,3.45034,4.3219,5.08853,8.28511,3.89642,3.29378,4.02329,3.8111,10.89938,7.13373,7.22311,6.93663,4.74964,7.58051,7.33171,10.93594,11.23651,7.53857,4.6618,6.37006,8.52522,6.63437,5.77317,6.92479,7.58585,7.46396,5.69038,5.87279,5.86701,7.4535,7.32449,6.74938,4.61779,11.9963,4.8298,8.00433,7.58534,5.51017,7.923,4.15154,8.53811,8.21967,7.79791,4.62858,6.64651,6.75168,5.3138,6.31335,7.74072,6.29792,12.0817,4.53301,7.84831,8.03675,5.48419,8.75779,5.75049,8.34158,6.72105,7.74374,6.00535,4.81016,9.75904,7.31938,9.41281,4.23841,5.3451,5.71017,4.0262,4.28168,6.95106,9.62024,7.51171,3.26145,6.84488,3.57453,9.06208,1
5.04856,7.74045,8.95423,4.94001,8.2177,9.13702,9.65076,4.71408,9.46851,6.49076,10.61081,9.5448,7.53334,11.98105,9.50111,9.73567,7.29584,6.28258,5.87176,5.60273,8.19198,3.97989,4.41241,5.23805,9.2242,3.76105,3.29743,4.19344,3.5517,10.33992,7.95289,7.26298,6.9305,4.73812,7.01594,7.34996,10.99438,10.91595,7.04148,3.72989,5.78987,8.57291,6.61501,6.00277,9.4212,7.18112,8.07312,6.10231,5.9508,6.8338,7.64594,7.65135,6.69403,5.02618,11.05098,4.4985,6.72187,8.16019,4.78006,4.58133,4.2582,7.96768,8.33753,7.50138,4.41798,7.46637,5.43455,5.39446,5.86267,8.05058,6.79901,11.83711,4.63842,8.85243,7.96768,5.19611,7.62962,5.24448,7.45932,6.88173,7.48385,6.09807,4.49222,8.69893,7.15168,8.59592,4.83925,5.91722,4.78243,3.65427,4.38554,6.60352,10.32342,6.67317,3.27717,5.96698,3.70495,9.99004,1
4.8074,7.54179,11.49562,5.67573,8.89533,9.69794,9.8722,5.88229,8.11955,6.61592,10.29361,9.08349,7.52322,11.97693,9.38349,10.27827,7.54714,5.97384,5.85207,4.73357,8.82343,3.7525,4.61254,4.6522,6.88887,3.84961,3.4354,4.85685,3.49821,10.80365,5.89015,7.68268,7.6629,5.04112,6.9502,7.416,11.3667,10.00431,7.26988,3.81263,6.19587,10.02416,6.21497,5.36947,6.8572,7.64623,7.70367,5.93642,5.6208,5.41362,7.60886,7.34857,6.61357,4.31648,12.37117,4.63018,7.77679,8.55743,4.21808,5.55179,4.51623,8.7649,7.90635,7.74404,4.19955,6.44031,5.11608,5.29536,6.41178,8.30096,6.14161,12.17559,4.50041,6.49196,7.43304,5.44128,8.50112,5.32758,8.21904,6.03202,7.1981,6.06227,4.758,8.99343,7.75908,9.13792,4.56623,5.85039,5.93171,5.3199,4.16018,6.84817,9.19559,7.37751,3.45365,7.97146,3.97916,10.79476,1
4.78039,8.78248,9.00829,5.26787,8.96207,8.87312,10.60309,5.5624,8.41199,6.28022,11.50634,8.6026,7.30516,11.51708,8.01783,11.07385,7.08535,6.62276,7.83944,8.12782,9.27724,3.38835,4.42463,4.54768,8.62068,4.28338,3.16715,4.03128,3.96512,10.77649,6.42386,7.51143,7.17128,4.90577,8.19735,6.76575,11.55574,10.43443,7.416,3.5708,6.11838,8.1253,6.33189,5.84331,5.98098,7.32106,8.66262,5.53544,5.66889,7.09415,8.34626,7.99611,6.87274,4.96653,8.96033,4.43153,7.68015,9.17986,3.951,4.58268,4.0918,7.56083,8.18178,7.04179,4.13976,6.27616,5.38603,4.85365,6.68173,7.81315,6.54567,12.30324,4.38039,5.9587,7.06968,5.34405,8.57001,5.25113,7.81468,5.53902,7.32835,6.28156,4.6512,10.11546,7.08246,9.10023,4.09861,6.23134,5.08821,4.03207,3.99792,7.09415,8.05179,6.8706,3.30356,7.12643,3.44125,9.28086,1
4.8579,7.45785,9.17393,4.94211,8.55289,9.6012,10.84896,6.10161,7.49861,6.57109,11.50634,10.05277,7.08783,11.76951,7.86227,10.16596,7.37942,6.10098,7.38167,5.74281,8.54865,3.87473,4.38408,4.5535,8.97743,4.14307,3.04949,3.96644,3.71308,10.4324,5.92632,7.66648,6.79385,4.6522,6.67907,7.0865,10.61224,11.63444,7.61757,3.89854,6.25402,7.70934,6.79294,5.36683,5.87244,7.48329,8.21874,5.68057,5.87965,6.57225,7.79668,7.93174,6.51234,4.98807,8.27951,4.54889,7.2906,8.47047,4.51782,4.65931,3.91744,7.98824,7.91762,8.13598,4.34689,6.89907,4.64028,4.77311,6.08595,7.86392,6.60843,12.12355,4.39275,6.31183,6.89091,5.40204,8.4106,5.73054,8.37865,6.43913,7.4535,5.87037,4.39698,9.89283,7.4912,8.74007,4.5218,6.70245,5.21827,4.22103,4.17425,6.78623,7.0998,8.62985,3.16257,7.31224,3.26467,8.69708,1
5.26139,7.19039,8.73853,4.92165,8.16917,9.36228,9.95772,5.94209,8.22134,6.26856,10.87087,10.00122,7.75786,12.31652,9.31144,10.34401,7.52841,5.78634,6.21562,5.49675,7.75478,3.8954,4.36024,4.65287,7.66507,4.0938,3.06371,4.13161,3.45431,10.74756,6.51139,7.91126,6.92061,4.75334,6.82907,7.1924,11.13496,11.22058,8.40761,4.15069,7.07766,9.51001,5.96634,5.69949,9.3586,7.55315,7.85688,5.76074,4.90422,5.67508,7.31938,6.86949,6.66908,4.57878,12.18465,4.43744,7.73707,8.77602,5.51942,4.46839,4.74351,8.24761,7.76084,7.28235,4.23082,6.62376,4.60713,5.2529,6.97383,7.80347,6.41549,11.77272,4.08461,9.69066,7.21102,5.88878,8.20283,5.75677,7.97941,6.33968,6.62182,5.92741,4.6803,8.31107,6.80125,8.18548,4.88553,5.51017,6.14132,4.35371,4.22613,6.70305,8.97656,6.73802,3.23279,6.08048,3.48447,10.19477,1
4.70286,7.57034,8.70381,5.60412,7.94991,8.92562,6.7547,4.91253,8.21674,6.90141,10.23529,9.74869,8.06826,11.13874,8.31548,9.60063,7.56026,6.77081,6.51074,5.49459,8.45243,3.37197,4.37192,4.99923,9.49938,4.07855,3.16766,4.27836,3.6253,10.06337,6.38169,6.50207,8.54115,5.23066,6.7547,7.62433,10.91952,12.1673,7.46969,4.41704,4.64512,8.68901,6.7589,5.26957,8.35133,6.92712,8.50405,5.28896,5.34341,5.69989,7.66146,7.57183,6.53565,4.81815,8.02187,4.53489,7.39923,7.13536,5.4013,7.42214,5.64106,7.161,7.36495,7.15198,4.19431,7.36097,5.50247,4.78006,5.56275,5.83998,6.40809,11.75999,4.12291,7.86826,8.12496,5.53223,8.93784,5.54884,8.65774,7.09873,7.85924,6.51484,4.25018,9.95402,6.72725,8.34527,4.63675,5.85866,4.63354,4.15459,4.15856,6.73802,9.19841,7.56251,3.36732,4.87906,3.11792,9.05072,1
5.11576,7.47404,10.31513,5.06425,8.20149,10.59533,7.6129,5.36649,8.74721,6.46886,11.3102,9.73159,7.83035,11.51708,9.46455,10.53164,7.59632,6.00903,7.14621,5.37092,9.97006,3.55051,4.49507,4.88823,8.89659,4.16249,3.2798,4.08882,3.44192,10.96328,6.45447,7.2914,6.99485,4.87098,7.3973,6.46311,11.10211,11.25402,7.28392,4.47439,6.02098,9.22371,6.76352,4.87098,6.64768,7.77587,7.98074,6.08267,6.04416,4.71536,7.69145,7.39185,6.21627,5.41546,10.94802,4.36803,7.6561,7.75168,4.17272,5.10416,4.27252,8.47047,8.63024,7.41426,4.09724,6.91971,5.78307,5.01267,7.72747,7.83327,7.26271,12.33126,4.72845,9.27724,7.26497,5.18628,8.75132,5.57844,8.40761,6.38945,7.38795,6.69931,4.89598,7.6839,7.81999,9.1705,4.93054,6.38354,5.51667,4.71152,4.21109,6.7886,9.86242,7.58702,3.33463,7.5071,5.08919,9.41729,1
4.84124,7.95443,9.89283,5.03549,8.92432,10.81575,9.15231,5.76552,8.66793,6.72213,11.21616,9.26291,7.1428,11.5009,8.6611,9.62145,7.36182,6.16071,7.36008,5.42137,9.25973,3.64435,4.3331,5.8471,8.63723,4.24894,3.08857,3.93075,3.36557,11.14067,6.55173,7.6201,7.69688,4.62339,7.47348,6.56702,11.43414,10.8396,7.30395,4.76242,6.04347,10.09495,6.97574,5.50174,7.05669,8.28182,8.32378,5.56769,5.99309,5.17881,7.67633,8.14291,6.40157,5.40788,12.37117,4.50132,7.83585,8.41623,4.45038,4.40544,4.22696,8.92927,8.05943,7.61563,4.37254,6.70366,5.83478,4.81272,6.71948,7.63702,6.378,12.36119,4.02067,6.43966,7.1106,5.18476,8.65011,5.31957,8.21874,6.35413,7.52781,6.2629,4.80325,9.01195,7.62511,9.1366,4.40251,6.12492,6.26187,3.6736,4.45132,6.94183,8.69745,7.60064,3.2057,5.82032,3.53453,8.79587,1
4.73225,8.06419,9.07454,4.95412,8.82423,9.67214,9.15932,6.10231,8.41269,6.52518,11.05098,9.9806,7.76899,11.77272,9.04837,9.81479,7.69546,6.15943,6.40126,6.11979,9.10725,3.85967,4.21505,4.92541,7.07336,3.96696,3.30534,4.37071,3.54132,10.29868,5.74057,6.99869,7.83852,4.98189,7.85345,7.06739,11.13312,10.36598,7.30968,3.80281,5.00716,8.85243,6.81479,5.62558,7.56832,7.72837,8.07312,6.18289,5.2501,5.18762,7.96385,8.01409,7.26525,4.99923,9.70343,4.42313,7.16538,8.0243,4.67338,4.44201,4.19729,8.33437,9.22087,7.52841,4.50611,7.6217,5.87965,5.1035,6.53742,6.38546,7.05867,11.88859,4.80058,7.20894,7.70308,5.20582,8.38354,5.41795,7.92999,6.0977,7.31998,6.22998,4.8558,9.36168,7.34358,8.96535,4.22526,6.61202,5.63058,4.72233,4.00077,6.39134,10.03959,7.05919,3.47296,5.97869,3.75968,8.65694,1
5.19856,7.35981,8.82747,5.13649,8.69893,8.72196,8.91061,5.18313,8.79423,6.50057,10.06066,10.01586,8.00653,11.58397,9.44142,9.04093,7.6201,6.31429,5.83864,4.79573,8.09497,3.64355,4.25737,4.7241,9.40734,4.3346,3.23786,3.79081,3.83631,11.25811,6.31212,7.3661,7.67119,5.23972,7.52014,8.88421,11.29268,12.21313,7.70585,3.89248,5.79867,8.91883,5.84269,5.86129,6.41734,8.62907,7.66986,5.83722,5.79958,5.18207,7.62093,7.44117,6.79692,4.43505,12.62245,5.06957,7.62935,8.27743,4.31826,4.51405,3.71008,8.589,9.2788,7.55426,4.5321,6.39015,5.21733,4.86074,5.6819,7.84462,6.4121,11.81606,4.66719,4.67206,7.61671,5.48206,8.7488,5.69038,8.74081,7.09925,7.89875,5.63823,5.01747,7.10749,6.97544,8.44805,5.49534,5.74915,6.07331,4.36776,4.48885,6.8344,9.06257,7.03153,3.15542,6.16327,3.44531,9.51001,1
4.96938,7.17097,9.60305,6.5673,8.46254,8.79624,10.89275,5.22236,9.41955,6.33592,11.40336,8.9853,7.58702,12.24187,9.97905,10.44596,7.88817,6.30903,6.47458,5.28467,9.75491,3.951,4.50806,4.7368,7.37246,4.44505,3.32594,4.06469,3.65263,10.14713,6.66114,7.83114,7.0089,5.28963,6.89794,8.05342,10.03273,11.45929,7.02184,3.74919,6.65787,8.36295,7.94541,5.99133,8.9903,8.5138,8.22269,6.45447,6.21562,5.56142,7.91464,6.80306,6.95078,4.35729,8.36715,4.93021,7.59105,8.98281,4.61713,8.3245,3.77975,7.77334,9.8104,7.58616,4.68326,7.73065,4.89839,5.93579,7.20894,6.74966,5.92509,12.19466,5.07153,8.59557,7.58815,5.80638,7.74524,5.90801,7.1428,7.13017,7.96154,6.24957,4.22156,9.14988,7.69031,9.6302,4.02121,6.2005,4.39728,3.39756,4.44201,7.09638,7.57908,6.64895,3.55597,6.15055,3.63606,9.92094,1
4.9163,7.45203,9.24689,5.0382,8.89491,9.79825,9.26972,5.19468,8.83287,6.3829,10.34196,9.63602,7.12529,11.3197,11.38677,9.90157,7.82058,6.04708,6.60062,5.12992,9.0184,4.22696,4.21838,5.12401,7.97693,4.24162,3.54218,4.27756,3.62633,10.89443,6.7502,7.05778,7.93477,4.86034,7.29526,7.01423,11.23651,10.91595,6.98976,3.90003,5.41828,9.38016,6.35211,5.77384,9.29314,8.0789,8.54418,5.94209,6.11712,5.53725,7.63097,7.14102,6.60653,4.73225,13.15771,4.68326,7.49231,8.82343,4.55379,4.9075,3.86971,9.31401,8.56698,8.38454,4.30252,6.65165,6.04905,5.11641,6.32309,6.88346,6.88627,11.87358,4.54799,7.12071,7.80027,4.80574,8.08203,5.24658,7.71875,6.27867,7.44347,6.59313,5.20029,9.39257,7.72895,9.42012,4.39846,5.9014,6.00709,5.05282,4.32004,7.52073,9.97261,6.3042,3.31075,7.00947,3.55107,9.42459,1
5.06852,7.54002,8.89953,4.70423,8.71531,9.70483,11.44921,5.24868,8.02368,6.62628,10.67734,9.14842,7.77619,11.60041,9.25058,9.80761,8.15192,6.18882,6.92943,5.75796,8.51734,3.7024,4.55663,5.45814,7.51496,4.38966,3.06371,4.19925,3.53393,11.15977,7.33395,8.07504,6.83171,4.73491,7.19931,7.44902,11.42929,11.08328,7.07877,4.05729,6.19336,10.40437,6.07651,5.54115,7.06907,7.81881,8.12811,6.27741,6.03263,8.1184,8.03431,7.77181,6.12239,5.00988,10.65726,4.86963,7.95589,7.86915,4.25975,4.36949,3.91714,8.31416,8.44275,7.75622,4.23189,6.56929,4.72674,5.10566,7.18853,8.0159,6.28766,12.1323,4.71799,7.38795,7.51656,5.56107,8.29649,5.56839,7.67607,5.76645,7.8194,6.44324,4.69313,7.72776,7.01895,8.73014,4.4322,4.77588,5.55386,4.27756,4.40282,6.75285,9.00012,8.44018,3.52909,8.18018,3.66482,9.18356,1
5.14636,7.09638,9.74224,5.98001,8.08053,8.44845,9.40952,5.65942,7.86854,6.75344,10.71233,11.08694,8.25585,10.62301,7.76598,9.21354,7.35475,6.65462,5.09159,4.67868,7.25002,3.66507,4.64635,4.76803,9.22189,4.10403,3.08857,4.30696,3.49694,10.14546,5.85174,5.89647,6.68202,4.55633,7.11984,7.72538,10.9533,11.78741,8.60004,4.34538,4.95552,8.19034,6.96715,5.70743,6.50146,7.6431,8.03861,5.8769,4.83989,4.46279,7.74869,7.39451,7.05433,4.48725,7.38328,4.21756,7.37642,7.5244,4.6512,4.71214,4.5365,7.6246,8.53431,7.18425,4.05302,6.63938,5.75862,5.33231,6.05598,7.35056,6.98946,11.80837,4.63354,6.96545,8.24983,5.43317,8.61138,6.2537,8.75862,6.19172,7.33452,6.04155,4.66052,9.95772,7.39237,8.0443,5.26379,4.25184,4.33766,3.67682,4.39098,6.60418,6.55542,7.80648,3.44066,7.29085,3.36732,8.55743,1
5.03417,8.22401,8.94663,4.88106,8.94396,8.77474,7.31251,5.58896,8.58301,6.51791,10.98344,9.24541,7.789,11.64002,7.77467,9.64828,8.09404,6.37265,7.04257,5.50885,9.17882,3.8317,4.51466,4.69313,8.0491,4.14562,3.03206,4.27693,3.73116,10.68599,5.90866,7.34476,7.15076,4.76968,7.87131,7.17308,11.36885,11.43414,8.09021,3.65288,5.31414,7.74809,6.49293,5.86634,7.12727,7.25002,8.36715,5.63582,5.66889,5.39245,7.85688,7.37135,6.62928,5.12721,9.85189,4.82669,7.59661,8.26473,4.08985,4.54251,4.1172,8.15914,8.39152,7.4724,4.46247,6.81387,6.80187,4.78109,6.98753,7.93174,6.85082,12.47492,4.42097,7.23073,7.35275,5.69514,8.77562,5.42575,8.01624,6.45535,7.1236,5.71733,5.08604,9.92703,7.03642,9.05072,4.77872,5.68057,5.6121,4.74964,4.51376,7.04427,8.24431,6.9316,3.3737,6.70003,3.18827,10.52089,1
5.02924,7.2316,8.96797,4.95412,8.8838,11.15053,8.55957,5.07892,8.70225,6.38226,8.89201,8.94573,7.69917,11.47771,8.87918,8.76294,7.81766,5.75472,5.89376,5.24482,8.36715,3.21379,4.24132,5.72304,6.43529,4.04801,3.20937,4.28793,3.58412,11.31489,7.64391,7.96647,7.91946,5.11755,7.30215,7.39318,11.11006,10.08876,7.01306,3.49882,6.44921,9.29107,7.11952,5.06388,8.20903,7.63021,8.66635,5.71262,5.485,4.90646,7.50221,7.77887,6.48326,5.30105,10.5006,4.34971,7.5517,7.8888,4.87365,5.10935,3.90031,8.05719,7.75134,7.84001,4.31004,8.31515,5.1279,4.92959,5.79732,8.17235,7.22914,11.72673,4.44138,8.75779,7.58907,5.67958,8.64183,5.2095,8.44521,6.56618,6.63562,6.10332,4.35183,8.62299,6.86473,9.02279,4.28793,5.72097,5.25821,4.03968,4.03912,6.70417,9.35445,7.32162,3.28388,7.88479,4.85162,8.8645,1
5.1918,7.70005,9.3586,4.94632,8.78095,9.49998,10.29868,5.34405,8.78365,6.67522,10.65983,9.69066,7.18907,12.9683,8.63062,9.50234,8.19985,6.75978,8.20253,5.21519,9.15181,3.58265,4.49222,4.75241,8.27579,4.19344,3.23585,4.17609,3.8529,11.51177,5.9508,7.06798,7.29526,4.62701,7.64881,5.62802,11.26626,11.48031,7.90266,4.26897,6.02098,7.94482,6.09903,5.5078,8.38808,6.78972,8.52737,6.05936,5.98977,6.55229,7.23863,7.19067,6.14472,5.33435,10.73891,4.43412,7.94394,7.97354,4.13715,4.7902,4.11131,8.23382,9.01445,8.14069,4.18448,6.0283,6.30239,5.53223,6.68431,6.82499,7.21349,12.22295,4.30108,8.73891,7.42412,6.1797,8.19794,5.79901,7.70254,7.00552,7.22914,5.60199,4.59314,9.62699,7.76899,9.50886,4.84566,6.27107,5.60412,4.7556,4.25125,7.10525,8.0738,7.81343,3.45333,6.79843,3.62259,10.0777,1
5.11931,7.68188,9.23269,4.95282,8.50112,10.07064,10.41534,6.1124,8.70693,6.58548,10.94274,9.58408,7.01003,12.59861,8.58972,9.14793,7.90447,6.2223,7.74524,4.96162,9.05305,3.59307,4.53715,5.45009,8.30062,4.018,3.24277,4.4384,3.66081,11.38677,5.94075,7.43789,7.73284,4.80681,7.58023,6.14663,11.19557,11.41021,7.73284,4.30108,5.82366,8.16088,6.10559,5.4653,8.47764,6.89447,8.52091,6.07553,5.68803,6.9502,7.35681,7.15702,6.25173,4.98059,10.18144,4.66653,7.65021,7.94365,4.82809,5.25929,4.64057,8.40167,8.88339,7.99678,4.6,6.3945,6.26783,5.45176,6.487,7.01895,7.50221,12.24187,4.03968,8.37975,7.48446,5.75142,8.34417,5.74057,7.6246,7.0575,7.1789,5.79629,4.3922,9.38063,7.7991,9.38673,4.88856,5.95807,5.16245,4.64181,4.37312,6.98545,7.5517,7.77956,3.60625,6.61839,3.38166,10.16789,1
4.68975,8.60036,8.00592,4.98131,8.65735,9.20998,8.01688,5.63618,8.8767,6.75947,11.09082,9.75214,7.64199,11.47512,10.03624,10.01409,8.1892,7.01452,8.1892,5.87934,8.82747,3.81439,4.5267,4.7577,8.44049,4.00655,3.42292,4.29632,3.58639,10.65607,6.20149,7.33515,7.03236,4.92024,8.46096,6.31526,11.81606,11.60041,7.8903,3.88599,6.45103,7.74984,6.58548,5.57764,6.91711,7.77364,8.20377,5.58931,5.92175,7.31889,7.8215,7.93477,6.26126,4.84957,9.60623,5.04891,7.44487,9.16078,4.26568,4.51285,3.91826,8.50218,8.25585,7.47804,4.23269,6.92479,5.13458,5.02856,6.49966,6.48463,5.7064,12.28145,3.7676,8.04685,7.40679,5.34472,8.18178,5.57614,7.00206,6.06716,7.27712,5.94493,4.62251,10.0986,7.52469,8.99644,4.24073,6.25907,5.35767,3.8179,4.30197,8.53667,9.2788,6.5541,3.56681,7.31082,3.2798,9.8936,1
5.26714,7.62962,9.25973,4.54251,8.92138,8.90436,10.43443,5.59356,8.9341,6.57419,10.8961,9.55702,7.46125,13.17792,8.51878,9.59826,7.81795,6.17527,8.32923,5.20232,9.28035,3.71742,4.48981,5.33941,8.19794,3.95809,3.20657,4.18979,3.56997,11.56125,5.72097,6.72187,5.9719,4.71567,8.05891,5.45286,11.24559,11.66462,7.64852,4.11266,5.80443,7.96208,6.11207,5.65014,8.46602,7.01218,8.63145,5.84131,5.85731,6.68842,7.06056,7.38527,5.91459,5.66162,10.89116,4.69217,7.90143,7.82953,4.0408,4.51623,4.07011,8.02459,8.9533,7.8958,4.24464,5.89209,6.34302,5.51876,6.99757,6.74181,7.41215,12.24187,4.26835,8.15983,7.01035,6.05135,8.19098,5.41962,7.81403,7.13771,7.26298,5.27065,4.64249,9.74224,7.55856,9.52503,4.52427,6.32753,5.47967,4.54889,4.63905,6.98288,8.2005,7.61899,3.14682,6.22557,3.52314,10.20125,1
5.75274,8.19541,8.73686,5.86,8.46096,10.46553,9.87458,5.3138,9.15459,6.26924,11.07569,9.00467,8.01409,11.78014,8.05571,9.77028,7.37526,6.08595,6.6447,5.38108,8.88663,3.61822,4.35556,5.13749,7.07647,4.17242,3.19678,4.35668,3.4482,9.42869,6.54474,7.57858,7.35981,4.91159,6.71797,7.64253,9.82734,11.11979,7.63272,4.04296,5.57466,7.75302,7.05692,5.70429,8.73608,7.6257,8.30819,5.74315,5.50742,5.65806,7.63587,7.3664,7.06294,4.52083,10.32038,4.91915,9.92249,8.69287,4.92132,6.40615,4.28338,7.21973,8.85932,7.26244,4.28079,7.08869,4.53745,5.26993,6.52429,7.49689,6.7266,12.0817,4.25153,9.63281,7.40253,5.21579,7.88602,5.87279,8.08779,6.5761,7.35446,7.14364,4.77765,9.99258,7.33568,9.48699,4.78748,6.43463,4.9816,4.79989,3.9707,7.00292,8.00834,7.58504,3.46933,4.85718,3.33168,9.63929,1
4.88454,8.36261,9.39145,5.01426,8.48443,10.33383,9.25363,6.17165,7.69807,6.3042,10.03454,9.84345,8.13755,12.66034,8.99343,10.08267,7.30395,6.35109,6.08562,5.12507,8.82304,3.52432,4.4597,5.04006,9.07454,4.29661,3.09332,4.5052,3.62172,10.06337,6.98891,7.29667,7.15021,4.86314,8.01201,7.43819,10.90263,11.32897,7.8233,4.35965,4.64892,9.34747,5.7795,6.5061,7.03813,6.87879,7.77305,5.69763,5.37671,5.41645,7.79969,7.2003,6.51605,4.39098,10.39024,4.6473,7.24147,7.10856,6.16825,5.05624,4.36745,7.22914,8.47646,7.27102,4.62463,6.0808,5.26529,4.59185,6.80391,6.21036,6.20635,12.03854,4.27193,7.28862,7.74899,5.0971,8.39634,5.54394,7.60512,5.4567,7.46718,6.52826,4.74131,10.13287,8.28081,9.28348,4.28139,5.96792,5.51097,3.63428,3.93158,6.24551,8.89905,7.54031,3.7024,6.23982,3.35477,9.8959,1
5.31728,7.3819,9.52387,5.63199,8.83939,12.63558,10.26152,5.83513,8.24039,6.82729,9.50234,8.86896,7.05374,11.5305,7.3984,8.48944,7.60689,6.19732,7.22398,5.65596,8.21674,3.63189,4.35026,5.31657,4.70033,3.94083,3.46693,4.44748,3.92915,9.50707,10.5006,9.37375,10.04302,4.90681,6.62897,7.71961,10.53164,10.11908,7.34042,3.85723,6.14104,9.61299,6.66632,5.94882,7.21887,8.3245,8.84511,5.90534,5.14429,5.36283,8.41993,6.91263,6.93986,5.22572,8.04718,4.67206,7.82804,8.53777,6.67112,5.26489,4.29278,9.21691,8.4408,7.91275,4.56961,9.17202,4.98221,5.14708,7.45785,8.29854,6.70126,12.49411,4.42584,9.36168,7.50248,6.46246,8.48187,5.98456,8.25622,6.87636,6.56313,5.53401,4.51865,7.95415,6.75314,9.13289,4.80258,5.0853,6.13022,3.81737,4.04639,6.84605,6.91443,7.74752,3.47449,6.00602,3.31815,9.64763,1
5.06352,7.28235,10.04949,5.55245,8.87067,11.75999,8.97357,6.87763,7.77181,6.24484,10.07682,9.14163,7.13627,11.82375,8.07957,9.32384,7.29409,5.73955,6.51203,5.38108,9.16496,3.73991,4.34918,4.94669,5.55768,4.1892,3.27519,4.12344,3.78707,10.00906,5.36411,8.78579,8.97231,4.99923,6.54898,7.63972,10.72353,10.51012,7.28235,3.78207,5.78272,8.37975,7.29836,5.81184,7.11817,7.72251,7.6046,5.72097,5.02579,5.17308,7.99969,6.9082,6.85776,5.03342,10.91434,4.60098,7.84122,7.88386,5.94688,5.96272,4.58541,9.24303,8.07278,7.70478,4.16695,8.71248,5.45042,5.06817,6.57884,8.47982,6.48017,12.22295,4.24222,9.47539,8.12935,5.30926,8.35779,5.83513,8.06355,6.89794,6.70743,5.58707,4.30079,8.63379,6.77832,8.81869,4.43412,5.80372,5.55768,3.87313,4.59558,6.62712,6.65848,7.24575,3.37132,6.07553,3.38024,10.88956,1
4.99571,7.18986,8.86816,5.77042,8.72045,11.04912,8.66567,5.90434,7.49566,6.81993,10.71929,9.19749,7.04736,11.58397,8.08643,9.86711,7.37082,5.66526,6.94903,5.41927,10.88956,3.69872,4.29218,4.67406,5.68369,4.14307,3.21429,4.2333,3.50232,8.99168,5.86701,7.89309,8.59351,5.68369,6.55142,7.27262,10.78557,10.52926,7.68157,3.65342,5.89141,8.65966,7.09873,6.14601,7.05225,7.91003,7.85456,5.99102,5.24833,5.48907,7.92431,6.86193,6.9277,5.11204,7.71526,5.35804,7.92059,7.65715,6.3704,5.43072,4.02961,8.39089,8.78248,7.45985,4.39399,9.45389,4.71631,5.45966,6.85658,7.66176,6.21692,11.83711,4.48247,10.29453,7.67261,5.74349,8.30658,5.53691,7.56748,6.81071,6.84968,5.74778,4.13456,9.01237,7.03462,9.13702,4.2702,6.0317,5.61897,3.95316,4.0679,6.68087,6.80662,6.78595,3.24753,5.55735,3.60765,10.68013,1
4.86963,7.64937,9.8104,5.20443,9.03213,12.03854,9.06774,6.41272,8.01086,6.36349,9.97501,9.05262,7.22246,11.63723,8.48799,8.5611,7.99036,5.80443,7.26605,5.42137,8.22134,3.90717,4.51376,4.84778,6.96574,3.8763,3.21118,3.83197,3.23869,9.9858,5.92568,8.49885,9.145,5.34682,6.79122,6.92088,11.10818,10.10945,6.90196,4.0196,5.62874,8.85114,6.66139,5.71699,7.55542,8.00592,8.25137,6.01635,5.84331,6.67936,7.94175,7.64363,6.49514,5.19544,7.90852,4.39548,7.53798,8.35744,4.81406,4.82842,4.27492,8.97964,8.67307,7.88965,4.01282,8.60908,5.70606,4.87397,6.47712,7.84236,7.18511,12.39281,4.80194,9.52134,8.37795,6.14295,8.3706,5.68733,7.93228,6.82729,7.17226,5.86501,4.73812,8.01014,6.76383,9.09588,4.36483,6.12663,5.35,3.61014,4.19698,7.1696,7.99127,7.39893,3.45207,5.60998,3.08857,9.8025,1
4.94176,7.57908,9.68473,5.17915,8.02459,9.61357,8.09559,6.33319,8.21599,6.98142,11.83379,9.95693,7.89398,11.95668,7.94205,10.16596,7.28209,6.2629,6.42073,5.50742,9.69929,4.03812,4.73085,4.66081,9.89438,4.08764,3.26592,4.17558,3.45177,9.92249,5.1361,7.17418,6.70066,5.04006,7.23479,6.36689,10.65347,11.1063,6.74007,4.27836,6.82342,7.82923,6.69171,5.30733,7.05313,7.01423,8.37202,6.10761,5.70395,5.17522,8.25756,7.58197,6.50057,5.76847,8.70976,4.30383,7.0837,8.17821,4.58541,4.49597,4.37162,7.01334,8.24266,7.09058,4.23786,7.02906,5.43141,4.93312,7.6589,8.09214,6.07161,12.18465,4.35526,9.57859,8.18052,4.94176,9.05305,5.42862,8.49496,6.78651,7.88479,6.27955,4.30443,9.86403,6.96603,8.12903,4.77006,6.06479,5.42345,3.42687,4.07881,6.89708,7.60012,7.09359,3.59896,6.26645,3.26592,10.5389,1
4.77947,6.91383,10.03801,5.07022,8.51451,7.99856,6.99812,4.6874,7.9943,6.1953,11.64002,9.82662,8.0034,10.95497,9.59094,9.36065,7.2895,7.06323,5.86433,5.14429,8.53031,3.89642,4.77691,4.95317,9.40791,4.0983,3.06078,4.19814,3.59865,9.14021,6.51484,6.56993,6.15121,4.6113,6.64501,6.59004,11.08328,12.20362,7.66384,4.08308,5.42069,8.11325,6.66698,5.11794,6.82847,7.01594,7.77389,5.78142,5.22309,4.97574,7.11627,7.4365,6.59097,5.01196,11.90306,4.62309,7.47513,8.01845,4.171,4.43922,4.07203,6.65462,7.5721,7.13879,4.34718,7.12248,6.27924,4.61648,7.22132,6.96386,7.23863,12.01315,4.24048,8.25016,8.24505,4.99635,8.65439,5.61327,8.64594,6.8214,7.90975,6.40994,4.99132,10.05795,7.37109,9.24861,4.27693,5.78764,5.2197,4.02039,4.55191,6.51938,7.9659,7.51982,3.37958,5.74848,3.44889,9.31755,-1
4.77588,7.66475,9.24109,5.05147,9.02831,8.70266,7.81824,6.78382,9.06731,6.4112,11.10211,9.13289,7.51931,11.19557,9.05305,10.0777,7.52322,6.25266,8.54379,5.2501,8.6083,3.52909,4.81471,4.73649,9.36672,4.41519,3.14732,4.04163,3.98673,9.84891,9.74515,7.24457,6.29654,4.41272,8.17765,6.9557,10.87729,10.74608,7.58585,4.4637,6.09903,8.07537,6.46113,5.53619,7.53767,7.10205,9.24253,5.51738,6.52148,6.71982,7.46125,7.88965,6.29427,5.22441,9.40848,4.54472,7.84925,9.10116,4.44201,4.51466,3.74447,7.02635,8.88583,6.89765,4.29661,6.69841,4.59589,4.55191,6.4317,8.11512,6.55712,12.04777,4.38757,8.80935,7.08597,5.36283,8.27881,5.66745,7.7396,6.31117,8.2124,5.27856,4.13187,10.92925,7.14156,8.98237,5.13649,6.49137,4.79573,3.6736,4.42707,6.82259,7.04007,6.47203,3.67541,5.8769,3.43413,10.44139,-1
4.98059,7.42214,9.10159,4.90821,8.48083,8.616,8.39246,5.99408,7.86569,6.38945,11.38216,10.05373,8.76451,11.82375,8.63222,9.8222,7.63071,6.27293,7.43044,5.35391,8.5823,3.47479,4.49688,4.91221,9.04093,4.03207,3.12414,4.24957,3.54937,10.34094,6.55259,6.72789,6.70417,4.71378,7.71126,7.17278,11.00662,11.41504,8.52701,5.16636,5.49459,8.63574,6.24614,4.94962,7.17278,7.17918,8.27344,5.90601,5.62045,5.8697,7.36495,7.99008,6.2601,5.25217,9.80321,4.41272,7.63517,8.37938,4.08764,4.77656,4.25245,7.54439,8.06004,7.71875,4.10605,6.76037,6.00535,5.07266,6.67966,8.15715,6.21036,11.95668,4.79858,7.90266,8.27278,5.24724,8.6719,5.65806,8.57763,6.50057,7.47699,6.64708,4.65053,9.97745,7.2148,9.36014,4.50772,6.11301,5.35523,4.27051,4.2119,7.27765,8.54942,7.73065,3.43335,6.76734,3.39619,9.57182,-1
4.91779,8.02622,10.6164,4.90715,8.83447,8.88339,9.10967,5.73326,8.18144,6.84131,11.68882,9.63797,7.64881,11.34174,9.42069,9.20798,7.15198,6.10623,6.85177,4.75102,8.41586,3.5648,4.6113,4.79509,7.76025,4.47616,3.28586,3.97633,3.53984,11.00178,6.25747,7.18824,6.56245,5.05945,6.97712,7.3948,11.48518,10.49103,7.9931,5.2197,5.27515,8.70381,7.04116,5.18207,7.52047,6.99977,8.6758,6.45482,5.52498,5.65214,7.69947,7.82715,7.03462,5.26416,9.11491,4.97087,7.56832,9.62446,3.84071,4.49752,4.14682,8.67498,8.25789,7.02294,4.49191,8.42134,4.79644,4.56594,7.63552,7.65831,6.31304,12.44719,3.96267,7.9335,7.24056,4.95653,9.08177,5.51942,8.36748,5.96536,7.28724,6.51632,4.82023,9.60559,7.21349,8.98935,4.54345,6.12663,5.77078,4.3818,4.85617,6.8485,7.79692,6.67343,3.28825,8.24167,3.72006,10.32769,-1
4.77044,7.56055,10.24655,4.80611,8.81788,9.18356,7.1428,6.93247,8.3312,6.2262,11.11006,9.51123,7.23589,11.78014,9.16496,9.65977,7.04654,5.97352,6.41516,5.21443,9.30281,3.85803,4.6003,5.41828,9.35499,3.88251,3.05023,3.87419,3.42449,10.55586,6.94011,7.26988,6.62771,4.74931,7.56148,6.83286,11.38677,11.90306,7.42001,5.57914,6.09535,8.17601,6.20182,6.58548,6.9316,7.1129,8.1094,6.06683,5.97869,5.76277,7.16474,7.84801,6.22088,5.22508,9.93325,4.32654,7.45814,7.76688,4.57679,6.49692,4.24073,7.71388,7.74264,7.22311,4.07203,7.50988,5.80811,5.3451,7.42461,6.77979,7.47513,12.51689,4.33644,7.45061,7.20894,5.6535,8.0443,6.10761,7.97629,6.18106,7.20318,5.66424,4.90009,8.02246,7.44317,10.3714,4.18529,6.52945,6.8384,4.27756,4.21052,6.40126,8.30559,8.13911,3.41889,6.42619,3.28223,10.27827,-1
4.87034,7.44006,9.54904,5.39104,8.6814,10.4932,6.62439,5.94981,8.35779,6.59528,10.70812,9.37265,7.55741,11.04353,8.46768,10.27425,8.13755,6.05274,6.85326,5.82,8.72821,3.63081,4.5218,4.81613,9.15231,4.19573,3.11792,4.2333,3.68746,9.94418,6.53628,7.06907,6.40776,4.61746,6.71769,7.23776,10.56337,11.81606,8.02839,5.82462,5.38571,7.58334,6.0607,5.54852,7.26525,6.81188,8.40202,5.61859,5.86835,5.88165,7.75447,8.04372,5.90866,5.32448,9.71856,4.67171,7.37298,8.72237,3.80489,4.38785,4.30599,7.5933,8.14009,7.22559,4.61448,5.76487,4.86408,4.54375,7.08535,8.02014,6.62439,12.08987,4.23189,6.64005,7.49203,4.79541,8.39417,5.35249,8.26695,6.69025,7.13536,5.79449,4.64926,9.05393,7.84209,8.34893,4.92576,6.33319,5.13102,3.51962,4.26217,6.77738,8.24297,6.54024,3.3686,6.92593,3.58412,11.3375,-1
4.90892,6.96492,10.61893,6.07296,7.81343,8.6783,7.05002,5.69318,7.87813,6.20767,10.24044,10.69412,7.90176,11.02184,9.46908,8.43712,7.69289,6.77923,5.38149,4.6987,8.38915,3.60796,4.30443,4.91253,11.14067,4.30019,3.34356,4.17948,3.76249,10.85493,6.99455,7.02407,6.45705,5.18628,7.59269,6.71741,10.92293,12.1323,7.44431,6.18171,5.74609,7.57156,7.31834,4.82914,5.92114,7.37913,8.44992,6.253,5.72371,4.75036,7.64594,7.57796,6.99118,4.55191,9.38289,4.58368,7.05592,7.50988,3.74706,6.0853,3.97292,7.86537,9.36565,7.44431,4.55538,6.47338,6.79564,4.41026,7.18028,6.36528,7.45282,12.05992,4.01852,8.9512,7.75622,5.76453,8.68901,5.25645,8.63988,5.72636,7.8341,6.40126,4.89598,8.56733,6.9174,8.53526,4.67601,6.79414,5.43072,4.8074,4.13076,7.08453,8.17637,7.87101,3.28859,7.26066,4.44444,9.08349,-1
4.86284,7.47753,9.56014,4.96724,8.83617,8.65546,7.76341,7.09468,7.99372,6.77197,10.56823,10.13384,7.69459,11.54719,9.57372,9.95772,7.62147,6.44066,6.77482,5.08029,8.55077,3.72938,4.4492,5.04891,9.13975,4.19109,3.16045,4.33644,3.48213,10.20222,5.51306,6.8706,6.70831,4.67136,7.70815,6.55577,11.21176,11.66462,7.92028,3.99015,5.45743,8.19444,7.5577,5.51844,7.70224,7.1924,8.27743,6.23982,5.78924,5.6348,7.55426,7.50415,6.57169,4.41241,9.36117,4.53398,7.57908,8.23879,4.38491,4.37885,4.26806,7.80804,9.05986,7.75014,4.54472,6.63562,6.04188,5.05415,6.47369,5.88816,6.52092,11.98105,3.82793,10.6243,7.46396,5.4546,8.75737,5.32312,8.22369,6.36155,7.33515,6.39513,4.73744,10.10571,7.45282,9.53764,4.88212,6.11838,5.35321,4.20179,4.25215,6.76478,8.3312,6.81658,3.68224,5.88453,3.60281,9.94266,-1
5.13066,7.64108,9.75214,5.19578,8.19444,9.19559,8.34158,5.48734,8.06992,6.55259,11.38216,9.99258,7.58197,11.48031,8.71568,10.25842,6.89357,6.07193,8.73608,5.4721,10.18724,3.47865,4.37852,5.25821,8.92886,4.02641,3.17818,4.37283,3.37059,10.33383,6.24734,6.57852,6.76478,4.6987,7.79067,6.30454,11.16759,12.0817,6.70773,4.59117,6.54596,9.31913,6.6952,5.62947,7.17389,7.24263,8.57291,5.92568,6.08206,6.02358,7.96291,7.723,6.61809,5.72032,11.59477,4.86209,7.93697,9.17491,4.24162,5.84506,3.84021,8.16917,9.45054,7.15881,4.12172,6.42039,5.13137,5.15021,6.53655,6.9316,5.76106,12.44719,4.77409,9.33745,7.07249,5.4381,8.68967,5.36004,8.80012,6.9496,7.30737,5.92741,4.78912,9.38881,8.10239,9.09851,4.61681,6.55988,5.32203,4.07038,4.1484,6.372,8.61176,7.8458,3.18918,6.74734,3.84357,9.71529,-1
4.87906,7.58877,10.80677,5.16704,8.36087,9.72074,7.28209,6.09438,8.45243,6.45802,10.15755,9.6043,7.24487,12.05546,9.65453,10.01586,8.00276,6.12899,6.56055,5.52968,8.05749,3.64197,4.76466,5.1586,9.65209,4.04748,3.45684,4.09981,3.63213,10.34196,7.23972,7.00523,6.79211,4.67868,6.55777,6.84519,10.92756,12.11145,6.87358,7.29836,4.80194,7.21744,6.58525,5.2077,7.27516,7.68773,7.42935,5.52183,5.611,5.34146,7.30273,7.98008,6.49137,4.93446,10.82176,4.18174,8.01718,7.2208,5.24554,5.37393,4.12086,7.69807,7.55654,7.20004,4.32415,6.49814,6.62469,4.63809,7.14791,8.76128,6.73524,12.14987,4.26684,8.29649,7.54439,5.66956,7.88203,5.17846,8.08302,6.67398,7.13536,6.20667,4.84226,9.42869,7.10042,8.85031,4.71665,6.05135,6.1756,3.54937,4.46488,6.96333,7.78957,6.70003,3.486,5.64441,3.30787,10.09144,-1
5.17138,6.95662,11.1876,5.43945,8.6611,8.81629,9.97414,6.57996,7.67718,6.44418,10.79176,10.03539,7.41159,11.90306,9.78546,8.876,7.2587,6.06512,6.40644,5.04561,8.21366,3.59195,4.81646,5.35804,9.67475,4.01198,3.01396,4.51025,3.40356,9.92703,6.5335,7.119,6.59032,4.9282,6.83899,6.97353,10.55838,11.6461,7.54523,6.74764,4.84055,7.54686,7.10042,4.79889,6.13154,6.94295,8.00401,5.94242,6.14994,4.86617,7.59661,8.71017,6.52,4.91779,9.45114,4.48525,8.0757,8.11293,4.63146,4.30506,4.16695,7.02607,8.63909,7.44117,4.69469,6.28929,5.34865,4.82776,7.45282,8.18144,6.75438,12.43641,4.12937,7.18143,7.48689,5.59285,7.78252,5.18476,7.44709,6.55347,7.29351,6.86135,5.48103,9.45502,7.29201,9.47016,4.67275,5.82987,5.20619,3.6045,4.09517,6.82315,7.40543,6.70417,3.43749,5.43247,3.52967,10.86477,-1
4.85993,7.53283,10.65089,5.31657,8.0324,9.24965,8.74923,5.94622,8.96535,6.84488,9.44934,9.40292,7.31656,12.2522,9.49752,9.06818,7.46888,6.16293,6.92061,4.86343,8.24099,3.62687,4.31268,4.93929,9.3165,3.79885,3.33428,4.18614,3.46152,10.85493,6.92228,7.38629,6.37393,4.57587,6.61049,7.2826,10.96498,12.39281,7.19748,5.84675,5.91985,8.84909,6.68407,5.20477,6.67027,7.0884,7.91649,5.55967,5.75017,6.65909,7.80556,7.53455,6.5673,5.13287,9.85622,4.37852,7.66789,7.63615,4.1683,5.30309,4.05982,8.28214,7.95948,8.29418,4.30252,6.88229,5.04006,4.97609,6.78496,7.67548,6.09101,12.49411,4.13663,8.46096,7.70731,5.55212,7.88047,5.47329,7.8888,6.22161,7.6229,6.12333,4.49101,9.57058,7.40198,9.03863,4.98951,6.21464,6.02799,4.28998,4.34947,6.9774,8.5333,7.83233,3.5592,8.36587,3.45301,10.07427,-1
5.00641,7.65439,9.72936,5.13714,8.66991,8.54226,6.56492,7.2083,8.18849,6.91203,10.68599,9.57372,7.65666,11.12948,8.69815,5.38257,8.39276,6.38915,6.68342,5.02148,7.86018,3.89515,4.59153,5.25682,9.54134,4.19138,3.45972,4.42401,3.59567,9.86986,7.46039,6.91096,6.37298,5.17106,7.06566,7.08195,11.02874,11.59477,7.65439,6.5224,4.58504,8.32113,6.36655,5.44938,5.68837,6.77197,8.8215,6.20506,6.08851,5.96536,7.20722,7.66648,6.49632,4.30383,9.03956,4.62829,7.2536,8.59665,3.62746,4.35056,4.35614,6.88768,8.70653,7.35248,5.06627,7.35898,8.00247,4.35217,6.48143,7.6589,6.32244,11.77272,4.03649,6.6174,7.76201,5.61032,7.85281,5.18978,7.60064,6.12367,8.25458,6.58295,4.94669,8.46214,6.66665,9.03309,4.49476,6.29925,5.08104,3.65029,4.19313,6.73217,7.92545,7.55972,3.43645,5.77078,3.95347,9.19269,-1
4.83015,8.59351,9.96776,5.18137,8.44521,8.29521,6.87731,8.28771,7.63643,6.52582,11.02184,10.34196,7.33062,11.70129,8.87918,8.72664,8.0193,6.44031,5.10486,4.3585,9.18867,3.63081,4.39668,4.69118,9.25205,3.91664,3.2075,4.60809,3.58207,10.18144,5.51975,7.12529,6.40869,4.62014,7.74724,6.57109,11.59477,11.00497,8.21967,6.17653,4.60548,6.80011,7.06654,4.58951,6.5224,6.103,7.52382,5.84062,5.44399,5.35214,7.51957,7.61319,6.7316,4.47586,9.81479,4.54603,8.11714,7.64545,3.99195,4.32128,4.6522,6.98464,8.99973,7.40571,4.27435,6.6162,5.95403,4.41396,7.4285,7.27319,6.28443,12.23239,4.42866,7.66593,7.14593,5.05147,9.32598,5.3546,8.66073,6.06196,7.21349,5.56804,5.05147,10.01586,7.22106,8.84909,4.758,5.86201,5.80165,3.75354,4.37223,6.58646,7.18281,6.24362,3.49917,6.4,3.46248,8.95521,-1
4.81815,8.58936,9.8594,5.47368,8.77433,8.30658,6.38044,6.85027,8.90001,6.30487,10.71929,9.43846,8.23313,10.93257,8.75822,9.30795,8.14827,6.57225,6.2986,5.54676,9.10159,3.65158,4.56594,4.76631,9.1366,4.0764,3.25078,4.6448,3.85237,9.44488,5.52631,6.12176,6.10655,4.76365,6.92398,7.07967,11.50905,10.96668,7.18199,5.78477,4.15656,7.54089,6.41055,5.27136,7.83885,6.63503,7.64253,5.62149,5.37895,4.96867,7.53913,7.85281,6.0302,5.0853,6.76299,4.81956,8.67072,7.86798,4.3219,5.68401,3.91423,6.49391,7.74099,7.49989,4.15096,6.21894,6.59375,4.8074,6.81779,5.86468,6.63879,11.78014,4.39668,6.31616,7.84521,5.8129,8.97834,5.24044,8.4715,7.15393,7.70308,6.22161,4.34288,10.48134,7.09146,9.64323,4.54192,6.16105,5.37226,3.48664,4.41488,7.66789,7.6046,6.94614,3.30173,5.46602,3.11792,9.83549,-1
4.86074,8.17637,10.76744,5.17989,8.57472,8.95423,7.85401,7.05344,8.68967,6.66447,10.31098,9.41785,7.39318,11.46437,9.14406,8.89401,7.29111,5.71968,7.38822,5.45074,8.39929,3.78476,4.72711,4.84848,8.71326,4.09149,3.08482,3.99092,3.43175,10.63518,6.048,7.25089,6.78888,5.06627,7.96385,6.76352,10.75775,11.43414,7.44902,5.52842,5.57258,9.0799,6.53382,4.91951,6.56557,6.79725,7.80528,5.41433,5.67096,5.3351,7.8716,7.98948,6.56122,5.16774,9.83097,4.49627,8.11421,8.82866,4.11378,4.70099,3.78819,7.61643,8.17369,7.75044,4.65437,6.123,5.66387,4.69805,6.98637,7.93477,6.44951,12.39281,4.71665,8.0159,7.80681,5.09991,8.43943,5.30025,8.03211,6.09969,7.26417,6.0923,4.57812,8.77842,7.21716,9.14021,4.59406,6.21172,5.54185,3.4857,4.13636,6.99548,8.13755,7.12581,3.14781,7.31425,3.49195,10.43443,-1
4.85896,7.36264,9.96284,4.82947,8.63796,9.32849,7.66648,5.7448,8.08676,6.4112,10.88956,9.24913,7.51931,11.4201,9.42171,10.01409,7.46125,6.33094,6.94348,5.40894,9.55262,3.66692,4.51196,5.19578,8.52629,4.09463,3.38024,4.26419,3.59474,10.58062,5.76277,7.24601,6.99949,5.13784,7.5065,7.53913,11.32199,11.42929,7.98604,3.96078,6.14347,9.21188,6.58858,5.89376,6.78741,7.37809,8.13148,5.64371,5.48986,6.70366,7.83266,8.06486,6.65787,5.07601,12.06439,4.49161,7.70396,9.35757,4.69637,5.25503,3.87822,8.5138,7.95443,7.75168,4.64117,6.08783,5.27335,4.65861,6.84044,6.8387,6.45162,12.18465,4.16195,7.47105,7.7571,5.23418,9.06257,5.40204,8.6715,6.14764,7.12466,6.20801,4.72263,9.7997,7.56398,9.73772,4.57329,5.74413,5.30515,3.47296,4.61982,6.71713,8.196,7.88235,3.35864,6.82111,3.53239,9.03863,-1
5.03272,7.1789,9.59693,5.01877,8.67909,9.03127,9.13884,6.39353,9.96119,6.46759,10.50526,9.40344,7.35954,11.66462,9.3321,9.93174,7.51982,6.68814,7.49887,5.21384,8.98982,3.85125,5.04112,5.08954,9.32184,4.12937,3.13682,4.16018,3.61973,10.27044,6.57197,6.88887,6.29427,5.24226,7.67011,7.36669,10.762,11.67056,8.31614,5.72501,4.76501,9.05155,6.59766,5.70942,5.84131,7.40279,8.12658,5.67236,6.22088,5.49395,7.78689,7.99645,6.03263,5.15129,11.07201,4.95619,8.05001,8.3135,3.70627,4.39275,4.22293,7.3959,8.40582,7.6561,4.54472,6.12431,5.3559,4.28139,6.93135,7.95289,6.56122,12.53922,4.30321,7.4132,7.40432,4.84957,8.11902,5.37127,7.66176,6.3603,7.3658,6.46919,4.56841,9.93704,6.94817,10.46886,4.94527,5.94493,5.71893,3.59839,4.19841,7.19665,9.11676,6.98891,3.13975,6.37071,3.43114,9.56612,-1
4.85162,7.23132,9.51601,5.24799,8.1363,8.72316,9.23716,6.70626,8.28611,6.59283,9.5201,9.54422,8.83531,12.18966,8.60407,8.46735,7.59836,6.27455,5.99891,5.03884,8.61523,3.47748,4.22696,5.07892,8.68399,4.33853,3.1641,4.18422,3.72886,10.94973,6.55079,7.95382,6.4274,4.48184,7.97298,7.4085,11.26019,11.17134,8.06291,4.53398,5.72434,9.51601,7.06625,5.00252,5.66745,7.69344,7.97501,5.88745,5.556,5.68503,7.09667,8.1892,6.97064,4.70033,10.14713,4.6158,7.69834,7.10803,4.42313,4.29837,4.64959,8.02133,7.92059,7.93601,3.8763,6.95134,6.42533,4.31186,6.64983,9.36065,7.37671,12.26226,4.21991,5.50955,7.60038,5.35876,8.83939,5.30889,8.15686,6.48017,7.48472,6.18427,4.61355,9.12908,7.38301,8.79423,4.78945,6.92312,5.39615,4.55257,4.46872,7.09873,7.50988,7.86283,3.13731,7.87785,3.39313,8.89741,-1
4.82367,8.00562,10.36817,5.01948,8.78983,8.69815,8.96286,7.56918,9.0603,6.55173,10.81575,9.32281,7.38629,11.24126,8.88817,9.2624,7.5721,5.98456,6.02298,4.98875,7.79444,3.89327,4.42769,5.32346,8.21535,4.32036,3.30316,4.10212,3.5103,11.08694,6.55289,7.51197,6.66665,4.233,7.11567,6.58501,11.48031,11.3667,7.33316,7.72895,4.47408,9.59578,6.67818,4.98774,6.97831,7.02607,8.19508,5.8454,5.63125,5.29361,7.49451,8.17169,6.5166,4.87497,10.75928,4.65155,8.46978,8.18424,3.82112,4.34566,4.36074,7.53913,7.80412,6.95049,4.37505,8.52594,6.15181,4.42313,7.69031,6.91383,6.38679,12.55165,4.24132,4.99368,7.22246,5.29886,8.03489,5.4653,7.8341,6.71375,7.039,5.41725,4.8091,9.04314,6.99607,9.14545,4.96867,5.82761,6.10426,3.75633,4.47867,6.79067,7.36754,6.78888,3.1945,7.36553,3.53029,10.85493,-1
4.8558,7.40571,10.21551,4.95068,8.93944,8.52558,7.78106,7.13179,8.80215,6.3288,10.8961,9.35445,7.68574,11.11788,10.0109,9.39523,6.72725,6.06001,6.65971,4.92412,9.04093,3.59081,4.70162,4.89839,8.66991,4.1014,3.14531,4.10976,3.58755,11.12581,6.20572,7.99795,6.05306,4.80977,7.35026,6.9774,11.34174,11.11409,6.49514,7.32187,5.3726,9.36065,6.32689,5.45042,7.08246,7.54658,8.51033,5.63618,5.76911,4.72983,7.29697,7.97078,6.44668,5.18553,10.55586,4.56811,8.12149,7.68041,4.7917,5.89944,4.09675,7.30072,8.23755,6.99335,4.3663,6.95258,6.07331,4.56594,6.78525,7.76284,6.91383,12.14103,4.47175,8.12719,7.20179,5.09499,8.53811,5.2327,8.2828,6.47712,7.49065,6.60093,4.29776,9.05937,6.67084,9.47188,5.06922,5.74778,6.05532,4.21532,4.43644,6.96922,8.23121,7.26298,3.46248,7.42543,3.49076,9.46177,-1
5.28467,7.12248,10.59407,5.54676,8.40955,9.63538,8.28048,6.06386,8.11131,6.46886,10.34401,9.76603,7.34655,10.95497,8.77758,9.94649,7.54031,5.99824,7.05137,6.40552,8.43184,3.31667,4.38902,5.09918,9.44267,4.31212,3.43443,4.18028,3.66,10.70812,6.20733,6.91971,6.32096,4.65086,7.53089,8.00562,11.05455,11.80066,6.62124,6.09168,5.12285,9.219,6.75107,5.34579,5.09369,9.07454,7.72538,5.92367,6.71915,4.77656,7.62962,8.41337,6.43259,5.26416,11.06533,4.5252,7.83914,8.16983,4.74835,4.35556,4.19227,7.60205,7.45959,7.87431,4.87497,6.53255,4.89563,4.7878,6.87668,9.18567,6.40615,11.90306,4.58233,5.09606,7.79329,5.52426,8.09666,5.58475,7.56282,6.35075,8.66423,6.31183,4.37534,4.18474,6.65756,8.98661,4.77656,6.40493,5.68974,3.48928,4.11518,6.8214,9.96925,7.46612,3.41958,7.31656,3.1973,9.69794,-1
5.00641,7.442,9.65977,5.46726,8.88003,11.3375,8.28836,7.74211,8.01561,6.49076,8.66567,9.31255,7.12988,11.83711,8.82631,7.20119,6.87469,5.71931,6.61075,5.12721,7.69488,3.51936,4.42157,5.78014,6.9984,4.46711,3.33356,4.12909,3.89248,10.17724,6.17684,8.82227,9.10023,5.2494,6.75858,7.49913,11.63444,10.57691,6.97684,4.91987,5.36176,9.51776,7.09873,5.69479,7.03236,8.47011,7.76482,5.65385,5.32091,6.07395,7.91215,7.81343,6.82675,5.09991,9.5724,4.00045,8.25861,8.27677,5.60618,4.60231,4.62602,8.79973,8.2495,7.65279,4.39128,8.20116,5.31881,5.05766,6.93926,8.41132,6.50974,12.37117,4.12005,8.71415,7.53857,5.83443,8.3829,5.71931,8.27104,6.66268,6.72336,5.76614,5.01328,6.33286,7.01452,9.56374,5.02183,5.03484,6.21002,3.60219,4.21934,6.74476,6.96952,7.42328,3.55371,7.86711,3.65898,10.92588,-1
5.08885,7.77679,9.85336,5.18281,8.72005,11.58669,8.77717,6.87002,8.66498,6.62058,10.30282,9.00012,7.14364,11.75679,8.88003,9.58722,7.42054,6.123,7.66146,5.32722,8.3205,3.66399,4.7112,4.93857,7.19039,3.80172,3.24115,4.40666,3.37303,10.59282,5.42269,8.84715,8.74635,5.08954,7.13124,7.2793,11.30136,10.87388,7.12902,4.04028,6.50425,8.28182,6.66447,5.43212,7.38629,7.96184,8.32321,6.0317,5.33264,5.49049,7.95289,7.25615,6.12773,5.00811,9.53233,4.34288,7.73004,8.68823,4.88315,4.51957,4.55975,8.66833,7.93572,7.77499,4.25587,7.63887,5.40682,4.76365,6.96628,7.76928,6.21627,12.58818,4.34172,8.19165,7.31715,5.6535,8.64862,5.63265,8.17793,6.59709,7.33002,5.95607,4.65468,8.92351,6.57916,9.06159,4.85685,6.13154,5.86731,3.52735,3.91213,6.89447,6.44234,7.42484,3.26839,7.5689,4.10633,10.27044,-1
4.86652,7.46773,10.54599,5.00842,8.64594,10.58772,8.7558,5.79867,8.61289,6.38354,10.70812,9.29053,7.9571,11.91822,9.35229,8.99255,7.08896,5.93744,7.29697,5.05349,8.49827,3.63401,4.66298,5.42682,7.19097,4.33248,3.40154,3.86756,3.52314,11.44176,6.30014,8.06133,7.8306,4.73225,7.29928,7.037,11.5894,9.77179,7.43819,4.30755,5.72777,9.07501,6.31743,5.41962,6.83025,8.18144,8.27743,5.83827,5.72032,7.58504,7.58168,7.47699,6.26256,4.85653,11.60914,4.55571,7.72139,7.99735,4.20014,4.43709,4.0259,9.27365,7.73767,7.64739,4.36332,7.14482,4.95959,4.77445,6.78741,8.11006,6.66088,12.55165,4.55445,8.27951,7.03981,5.39181,8.51734,5.27891,7.88325,6.10823,6.77254,5.99824,4.70195,8.1627,7.57703,8.6787,4.97161,5.04077,6.51172,4.11489,4.48462,6.96467,8.13148,6.81868,3.31564,8.5138,3.57722,9.58971,-1
4.62494,7.45706,10.01252,5.06137,9.34695,10.17724,8.80496,6.70035,9.50111,6.5203,11.0253,9.35006,7.16364,11.83711,8.59704,9.29,7.65802,6.0106,6.65787,5.20582,9.64442,3.53895,4.39487,4.90481,7.9931,4.02993,3.13154,4.49538,3.33131,10.79476,9.01708,8.04462,7.34014,4.70484,7.228,6.92562,11.61765,10.69273,7.3844,4.75205,5.54534,8.64899,6.4976,6.23554,5.98386,7.72422,8.25585,5.69694,5.35876,6.47203,7.63615,7.87703,6.82963,4.89662,10.07338,4.33883,7.55945,8.38389,4.57425,4.75334,4.42647,8.48019,7.80114,7.2826,4.26033,7.04343,5.28245,4.78276,7.06856,7.35563,5.93579,12.46305,4.17183,6.72366,7.64027,5.33864,8.61841,5.43911,8.50765,6.10687,6.8338,5.69694,4.85547,8.94908,7.20179,9.84891,4.77311,5.73388,5.91099,3.96078,4.37101,8.09883,7.60232,6.88258,3.40954,8.02772,3.35041,9.63342,-1
4.86546,7.62093,9.80761,5.38884,8.4946,10.5448,7.89464,6.61167,7.40228,6.27924,10.43898,9.94185,7.83944,11.95668,9.3044,6.74007,8.00769,5.50817,5.9537,5.0382,8.84715,3.59567,4.07801,5.18553,8.7926,3.97832,2.98056,3.92807,3.59335,10.44139,5.83144,7.81824,7.94114,5.30547,6.68636,7.32778,11.45404,11.35543,7.14906,4.53521,5.02506,8.8267,7.27209,5.06017,6.88915,7.77499,8.01898,5.74882,5.34204,6.25266,7.57858,7.38086,6.6758,5.27065,10.07427,4.55445,7.72391,8.08779,4.51466,4.40131,4.64892,8.17821,8.80126,7.76341,4.41829,7.54686,5.29572,5.33403,7.57378,8.08904,7.55856,12.36119,4.36918,7.44902,7.70452,5.63415,8.47011,5.29955,8.8308,6.60843,7.36008,6.53855,4.93021,9.01925,7.78633,8.96119,5.00913,5.93171,6.02232,4.20546,4.17242,6.51728,9.20494,7.61414,3.31967,7.02985,3.39479,10.0777,-1
4.94785,7.7651,10.43786,5.43212,8.60299,10.29361,9.04974,7.9943,8.50834,6.49015,9.83252,9.03911,7.41717,11.34174,9.51187,8.68967,6.97175,6.03052,8.13409,5.23136,8.82343,3.76732,4.32718,4.92132,7.55483,4.12471,3.06896,3.90058,3.53635,10.82741,5.32381,8.48984,8.34349,4.91779,6.80803,7.33142,10.88956,10.45852,6.52334,6.69664,5.32794,8.39152,6.73102,5.1908,6.73435,7.17553,7.71098,5.82,5.65452,5.38995,7.71098,7.75447,6.9112,4.73155,11.39631,4.77044,8.15346,7.76113,4.67501,4.41767,4.59619,8.40545,8.12561,7.49626,4.60713,7.53089,5.45355,4.87771,6.95196,8.03122,6.72883,12.34079,4.32836,7.00685,7.75877,5.58862,8.42066,5.53794,8.0324,6.6187,6.78106,6.15304,4.3663,5.60345,6.50818,9.33796,5.07022,5.56912,6.31646,4.97982,4.37404,6.96218,7.09088,7.51171,3.53514,7.04427,3.44158,11.10211,-1
4.77656,7.31889,10.43443,5.24724,8.76737,9.64888,9.76533,7.38576,8.65894,6.41361,11.49049,9.21455,7.2889,11.65861,9.13202,9.61179,7.24799,5.87564,6.31088,4.94211,8.88991,3.66804,4.59185,4.79308,7.47404,3.93292,3.27519,4.045,3.79002,11.23245,6.7667,8.09345,7.70167,4.53907,7.03642,6.91293,11.39163,11.09082,7.08114,6.18393,4.86546,8.35445,6.42533,5.53759,6.19071,7.71728,8.19985,5.72161,5.58404,5.11241,7.86451,8.00533,6.68231,4.79573,11.83046,4.17974,8.28992,7.77987,4.89327,4.46589,4.51139,8.11544,7.88117,7.98635,4.34053,7.39561,5.56275,5.05147,7.12248,7.88849,6.24957,12.59861,4.045,5.28245,8.31044,5.3951,8.46869,5.37538,8.21599,6.44668,6.90255,5.83144,4.45315,8.83773,7.47105,9.29516,5.01196,6.06512,6.33063,5.35073,4.41829,6.9749,8.215,7.15198,3.29486,7.70367,3.42531,11.44415,-1
5.07329,8.3013,10.00033,5.11717,9.33003,9.84124,7.98008,5.94242,9.04359,6.77923,11.32428,9.8891,7.52322,11.74664,8.90764,9.73713,7.50899,6.07037,6.55046,5.69214,9.29053,3.58551,4.3225,5.03884,7.7765,4.50999,3.82421,4.11078,7.23776,10.8458,7.25473,7.45229,7.8461,4.95352,7.52691,6.96134,11.38677,10.5006,7.56055,4.13187,5.51406,8.64662,6.43726,5.59176,6.34164,7.7429,8.42739,5.95274,5.98837,5.78866,7.85957,7.25615,6.92943,5.20303,9.93863,4.61159,7.94838,7.48006,4.33248,4.58541,4.28539,8.01988,8.15779,6.98198,4.27724,9.55513,6.23294,4.77044,8.31044,7.55227,6.71314,12.32108,4.43892,6.72213,7.46745,4.99963,8.08086,5.37745,7.65918,6.17466,7.11627,5.63199,4.68225,9.08742,6.77197,9.82805,4.34383,5.75677,5.46319,3.98885,4.46279,6.84634,8.87067,7.2186,3.1945,6.58324,3.38774,11.07951,-1
5.10207,8.146,10.10945,4.84262,8.83163,9.48174,8.41823,5.48206,8.82069,6.43818,11.65861,9.19173,7.93477,11.78741,8.80538,9.37375,7.59661,6.07261,6.83319,5.66162,8.51347,3.72434,4.57648,4.98674,7.57063,8.35298,7.93857,4.25275,10.66384,11.26626,6.84784,7.63215,7.50869,4.82268,7.22643,7.42439,11.75999,10.61224,7.25818,5.18172,5.53401,9.14069,6.36723,5.23205,6.11679,7.4912,8.75506,5.78108,5.69479,5.81055,7.79502,7.76113,6.66763,5.21443,9.87378,4.89698,7.38116,7.57647,3.73706,4.39578,4.38068,8.47946,8.40097,7.20633,4.36024,7.7551,6.91203,5.01493,7.32643,7.36406,6.27836,12.54544,4.43322,5.72534,8.06761,5.37895,8.24468,5.55179,8.11544,6.36845,7.18224,5.93514,4.63936,8.8455,7.03728,9.20798,4.75301,6.048,5.78866,4.34889,4.25975,6.8133,9.00916,7.06625,3.40883,8.19006,3.33925,11.5585,-1
4.94001,6.98198,10.67734,5.4086,9.0799,10.9817,8.41586,5.49571,8.31712,6.86251,10.47872,9.31755,7.10355,11.87358,8.88257,9.01708,7.36553,5.20915,6.68231,5.29814,9.857,3.61189,4.46215,5.09884,6.74123,3.99765,3.26798,4.29458,4.2145,9.22567,6.25017,8.2838,7.9155,4.91356,6.38818,7.15853,11.12948,10.56208,7.49887,4.2162,5.37966,8.36891,6.83559,6.07296,7.85253,7.64852,7.96952,5.71156,4.98321,4.84124,7.68826,7.08977,6.44514,5.30811,8.54259,4.61779,7.65666,7.23332,5.92442,4.99571,4.55379,8.18816,8.56928,7.83914,3.99255,9.12673,5.44834,5.36683,6.53504,8.26379,6.19336,12.11558,4.22469,9.67083,8.09183,4.95518,8.39152,5.81599,8.55779,6.70894,6.59342,5.76041,4.53745,9.12335,6.7502,8.94748,4.88656,5.75142,5.51057,3.8317,4.39275,6.67731,6.70951,6.68342,3.34508,6.78711,3.01591,10.47147,-1
4.76242,7.44902,9.38722,4.95687,8.72121,10.33992,8.6558,6.84221,8.88746,6.6717,11.11006,9.1101,7.39451,12.28145,8.10686,10.1938,7.28285,6.37298,7.90176,5.47582,8.47358,3.64492,4.45286,5.34682,8.02873,3.94138,3.13731,4.1014,3.6037,10.92293,5.98421,8.13033,7.55344,4.96724,7.55511,6.97888,11.29695,11.3375,6.84605,3.81737,6.83025,9.31304,6.242,5.54884,7.80556,7.69976,7.88997,5.8286,5.85538,6.51515,7.90575,7.43509,6.53772,5.10139,10.58062,4.40908,7.52209,8.12782,4.81343,5.31728,4.12773,8.60221,7.98074,7.46663,4.11747,7.26386,5.29886,5.47291,6.78074,7.16126,6.70626,12.63558,4.48628,8.01688,7.69861,5.48704,8.2247,5.72636,8.0861,6.74066,6.95196,6.02638,5.15779,8.37795,7.07129,9.10725,4.17154,6.03442,5.65663,3.91452,4.30539,6.99306,8.91634,7.47859,3.36826,6.60031,3.54743,9.73831,-1
4.82157,7.66146,9.4299,4.98674,8.40761,10.13031,8.15225,5.0871,8.11955,6.54803,9.45389,9.9379,7.54089,11.80837,8.88421,9.57859,7.44117,6.20317,5.87385,5.6236,8.11575,4.02742,4.25791,5.09469,9.34747,4.14957,3.19963,3.84229,3.76655,11.46437,6.253,7.4049,7.81523,5.32931,7.77441,7.27073,11.42247,10.86763,7.42384,3.82421,6.21244,8.79461,6.71861,5.20267,6.3115,7.78957,8.39217,6.13499,5.39824,5.69287,7.55227,7.62229,6.46188,4.85653,11.85103,4.6621,7.37189,8.59489,4.2232,4.44138,4.67567,9.24253,9.11676,7.69112,4.30853,7.88602,5.77563,4.97087,6.33623,8.31252,6.21928,12.30324,4.19227,7.75134,7.51171,5.58784,8.77153,5.48907,8.18052,6.41178,7.90789,6.58679,4.63709,9.35335,7.25473,8.90939,4.53907,5.81666,5.99164,3.59596,3.90171,6.81566,8.59779,7.74185,3.28976,8.73057,3.37269,8.7707,-1
5.09369,7.40935,10.55586,5.06168,8.61954,9.84891,7.77499,6.12207,8.20999,6.64619,11.52244,9.46618,7.49749,11.74664,8.75431,8.29928,6.83641,5.68088,7.88692,5.30025,10.44252,3.90275,4.76398,5.34896,8.44959,4.22672,3.04065,3.86279,3.70468,11.09461,6.60904,7.74696,6.99196,5.13322,7.57436,7.25197,11.36885,11.22058,7.65221,5.22779,6.09401,9.23815,6.72489,5.21618,6.29272,7.44789,8.14158,6.18659,5.43911,5.26714,7.43453,7.85576,6.36349,4.99028,10.15284,4.48494,7.81554,9.08696,4.0949,4.49222,3.96402,8.71167,8.85407,7.68485,4.24713,6.46695,4.93129,5.59811,7.22992,7.5272,6.79843,12.37117,4.47734,8.25894,7.35418,5.15595,8.59125,5.32931,8.28081,6.10823,6.70475,6.3641,4.77478,9.473,8.00834,9.23957,4.73293,6.44418,5.67776,3.63103,4.24438,6.81931,9.51944,6.73589,3.4256,7.34798,3.58412,9.70278,-1
4.98533,7.81704,9.36065,5.26714,8.48544,10.64311,8.53431,5.0899,8.49755,6.51354,9.70621,9.7395,7.16716,11.79401,9.82876,9.15459,7.24548,6.01668,6.22057,5.76584,8.08578,3.4857,4.53333,4.99196,9.53699,3.85591,3.1909,4.29661,4.6773,11.08328,10.29674,7.48472,7.62908,4.71378,6.68259,7.96768,11.50634,11.10211,7.14156,4.11378,5.45252,10.16502,6.70417,5.24799,7.228,7.54658,9.11212,5.85174,5.18476,5.48241,7.73738,7.64027,6.66088,4.70954,9.66593,4.60809,7.81852,8.25137,5.43247,5.68338,4.71378,8.01718,8.11902,7.65861,4.20133,9.59284,6.16194,5.47145,6.38644,8.53847,6.74237,12.1323,4.24957,10.26253,7.55572,5.07746,8.2741,5.58707,8.52993,6.63656,7.62511,6.87274,4.40251,9.26526,6.80391,9.34642,4.79989,6.07751,5.2929,4.36599,4.04611,6.83115,10.33581,6.98255,3.43749,5.33435,3.47151,9.60178,-1
5.07186,7.64765,10.55586,4.96224,9.01445,9.53642,8.43751,5.71431,8.31712,6.64035,10.77177,9.58971,7.43162,12.20362,9.27164,9.51422,7.14334,6.3011,7.92206,4.99427,9.5448,3.57198,4.57713,4.88315,9.37375,3.98673,3.27289,3.87877,3.80639,10.67232,6.28223,7.34592,6.48202,4.58166,7.32529,7.21454,11.07951,11.32428,7.88632,5.55967,5.98195,8.07245,6.56795,6.06258,6.60177,8.00592,7.95862,5.65083,5.52152,4.96294,7.58447,7.63349,7.18112,4.94706,9.25363,4.47439,7.6888,8.39217,3.7935,5.03272,3.84384,8.24371,8.5248,7.44374,4.66081,6.56245,5.18591,4.96162,7.61927,7.23358,6.16227,12.60908,4.85754,5.67202,7.30215,4.93616,8.28836,5.2265,8.33088,5.89478,7.36233,5.95208,4.34566,8.58597,7.86197,9.23318,4.81048,6.07615,5.83962,4.67006,4.43644,6.64863,9.40616,7.86625,3.39688,6.83086,3.52166,9.56681,-1
4.71598,8.58379,10.35922,4.87066,8.39217,9.56074,7.93056,5.82793,8.57001,6.65544,10.15936,9.64948,7.11741,11.56125,9.52849,9.32598,8.12935,6.92622,6.09199,5.56206,7.5463,3.60342,4.59462,5.21549,8.62607,4.17861,3.34087,4.08764,3.48781,11.23651,6.56795,7.68157,7.07021,5.01024,7.25117,7.77097,11.62322,11.68882,7.44172,4.60621,5.11359,8.45482,6.63562,5.10139,9.48114,7.53798,8.16343,5.72991,6.03843,5.70124,7.5463,7.74464,6.62682,4.76968,8.22303,4.31677,7.34936,8.18749,4.13715,4.40722,4.60518,8.60478,8.66833,6.96891,4.36306,7.04654,5.85039,5.25323,6.53413,8.33405,6.44722,12.32108,4.34083,7.03549,6.86222,5.53544,8.42836,5.31033,7.31576,6.13622,7.61615,6.15813,4.94998,7.32106,6.99277,8.66262,4.96762,5.66526,6.08881,3.74224,4.07855,6.65014,6.77482,7.36465,3.36375,7.6126,3.38381,9.09932,-1
